record_id,year,place,canoe,club,division,gender,boat_type,age_category,club_raw,division_raw,canoe_raw,finish_time_raw,finish_time_clean,raw_finish_seconds,finish_time,start_adjustment_seconds,start_adjustment_minutes,adjusted_finish_seconds,adjusted_finish_time,is_dq,dq_time_text,is_santa_barbara,race_field_size,race_finish_count,race_unlimited_count,race_spec_count,race_unlimited_share,division_field_size,division_finish_count,performance_percentile
402,2010,1,116,Lanakila Outrigger Canoe Club,women - spec,Women,Spec,Open,Lanakila,Women - Spec,116,4:26:52,4:26:52,16012,4:26:52,0,0,16012,4:26:52,FALSE,,FALSE,65,65,0,15,0,15,15,1
403,2010,2,6,Hanohano Outrigger Canoe Club,women - spec,Women,Spec,Open,Hanohano,Women - Spec,6,4:30:39,4:30:39,16239,4:30:39,0,0,16239,4:30:39,FALSE,,FALSE,65,65,0,15,0,15,15,0.9285714285714286
404,2010,3,135,Marina del Rey Outrigger Canoe Club,women - spec,Women,Spec,Open,Marina,Women - Spec,135,4:32:06,4:32:06,16326,4:32:06,0,0,16326,4:32:06,FALSE,,FALSE,65,65,0,15,0,15,15,0.8571428571428572
405,2010,4,118,Outrigger Canoe Club,women - spec,Women,Spec,Open,Outrigger Canoe Club,Women - Spec,118,4:33:32,4:33:32,16412,4:33:32,0,0,16412,4:33:32,FALSE,,FALSE,65,65,0,15,0,15,15,0.7857142857142857
406,2010,5,27,Imua Outrigger Canoe Club,women - masters,Women,Other,Masters,Imua,Women - Masters,27,4:35:57,4:35:57,16557,4:35:57,0,0,16557,4:35:57,FALSE,,FALSE,65,65,0,15,0,5,5,1
407,2010,6,300,Newport Aquatic Center (NAC),co-ed - open,Co-Ed,Other,Open,NAC,Co-Ed - Open,300,4:43:24,4:43:24,17004,4:43:24,-1200,-20,15804,4:23:24,FALSE,,FALSE,65,65,0,15,0,25,25,1
408,2010,7,104,Lanakila Outrigger Canoe Club,women - bradley,Women,Other,Open,Lanakila,Women - Bradley,104,4:43:49,4:43:49,17029,4:43:49,0,0,17029,4:43:49,FALSE,,FALSE,65,65,0,15,0,14,14,1
409,2010,8,28,Oceanside Outrigger Canoe Club,women - bradley,Women,Other,Open,Oceanside,Women - Bradley,28,4:48:05,4:48:05,17285,4:48:05,0,0,17285,4:48:05,FALSE,,FALSE,65,65,0,15,0,14,14,0.9230769230769231
410,2010,9,2,Hanohano Outrigger Canoe Club,women - bradley,Women,Other,Open,Hanohano,Women - Bradley,2,4:48:14,4:48:14,17294,4:48:14,0,0,17294,4:48:14,FALSE,,FALSE,65,65,0,15,0,14,14,0.8461538461538461
411,2010,10,213,Kupa'a Mau,co-ed - open,Co-Ed,Other,Open,Kupa'a Mau,Co-Ed - Open,213,4:49:50,4:49:50,17390,4:49:50,-1200,-20,16190,4:29:50,FALSE,,FALSE,65,65,0,15,0,25,25,0.9583333333333334
412,2010,11,141,Santa Barbara Outrigger Canoe Club,co-ed - open,Co-Ed,Other,Open,Santa Barbara,Co-Ed - Open,141,4:50:58,4:50:58,17458,4:50:58,-1200,-20,16258,4:30:58,FALSE,,TRUE,65,65,0,15,0,25,25,0.9166666666666666
413,2010,12,107,Kai Elua Outrigger Canoe Club,women - bradley,Women,Other,Open,Kai Elua,Women - Bradley,107,4:52:39,4:52:39,17559,4:52:39,0,0,17559,4:52:39,FALSE,,FALSE,65,65,0,15,0,14,14,0.7692307692307692
414,2010,13,333,Newport Aquatic Center (NAC),women - masters,Women,Other,Masters,NAC,Women - Masters,333,4:52:54,4:52:54,17574,4:52:54,0,0,17574,4:52:54,FALSE,,FALSE,65,65,0,15,0,5,5,0.75
415,2010,14,126,Ka Nai'a Outrigger Canoe Club,co-ed - open,Co-Ed,Other,Open,Ka Nai A,Co-Ed - Open,126,4:53:07,4:53:07,17587,4:53:07,-1200,-20,16387,4:33:07,FALSE,,FALSE,65,65,0,15,0,25,25,0.875
416,2010,15,33x,Hui Wa'a Outrigger Canoe Club,women - masters,Women,Other,Masters,Hui Wa'a Outrigger Canoe Club,Women - Masters,33x,4:55:44,4:55:44,17744,4:55:44,0,0,17744,4:55:44,FALSE,,FALSE,65,65,0,15,0,5,5,0.5
417,2010,16,133,Marina del Rey Outrigger Canoe Club,women - bradley,Women,Other,Open,Marina,Women - Bradley,133,4:57:32,4:57:32,17852,4:57:32,0,0,17852,4:57:32,FALSE,,FALSE,65,65,0,15,0,14,14,0.6923076923076923
418,2010,17,V2,Vancouver Ocean Sports,co-ed - open,Co-Ed,Other,Open,Vancouver Ocean Sports,Co-Ed - Open,V2,4:58:07,4:58:07,17887,4:58:07,-1200,-20,16687,4:38:07,FALSE,,FALSE,65,65,0,15,0,25,25,0.8333333333333334
419,2010,18,104x,Tamalpais,women - spec,Women,Spec,Open,Tamalpais,Women - Spec,104x,4:58:51,4:58:51,17931,4:58:51,0,0,17931,4:58:51,FALSE,,FALSE,65,65,0,15,0,15,15,0.7142857142857143
420,2010,19,42,Offshore Outrigger Canoe Club,co-ed - open,Co-Ed,Other,Open,Offshore,Co-Ed - Open,42,4:59:03,4:59:03,17943,4:59:03,-1200,-20,16743,4:39:03,FALSE,,FALSE,65,65,0,15,0,25,25,0.7916666666666666
421,2010,20,40,Lanakila Outrigger Canoe Club,women - bradley,Women,Other,Open,Lanakila,Women - Bradley,40,5:00:12,5:00:12,18012,5:00:12,0,0,18012,5:00:12,FALSE,,FALSE,65,65,0,15,0,14,14,0.6153846153846154
422,2010,21,66,San Diego Outrigger Canoe Club,women - bradley,Women,Other,Open,San Diego,Women - Bradley,66,5:01:55,5:01:55,18115,5:01:55,0,0,18115,5:01:55,FALSE,,FALSE,65,65,0,15,0,14,14,0.5384615384615384
423,2010,22,301,Newport Aquatic Center (NAC),co-ed - open,Co-Ed,Other,Open,NAC,Co-Ed - Open,301,5:02:34,5:02:34,18154,5:02:34,-1200,-20,16954,4:42:34,FALSE,,FALSE,65,65,0,15,0,25,25,0.75
424,2010,23,29,Imua Outrigger Canoe Club,women - masters,Women,Other,Masters,Imua,Women - Masters,29,5:07:20,5:07:20,18440,5:07:20,0,0,18440,5:07:20,FALSE,,FALSE,65,65,0,15,0,5,5,0.25
425,2010,24,4,Dana Outrigger Canoe Club,women - bradley,Women,Other,Open,Dana,Women - Bradley,4,5:08:37,5:08:37,18517,5:08:37,0,0,18517,5:08:37,FALSE,,FALSE,65,65,0,15,0,14,14,0.46153846153846156
426,2010,25,46,Kahakai Outrigger Canoe Club,women - bradley,Women,Other,Open,Kahakai,Women - Bradley,46,5:08:57,5:08:57,18537,5:08:57,0,0,18537,5:08:57,FALSE,,FALSE,65,65,0,15,0,14,14,0.3846153846153846
427,2010,26,56x,San Francisco Outrigger Canoe Club,women - spec,Women,Spec,Open,San Francisco,Women - Spec,56x,5:09:10,5:09:10,18550,5:09:10,0,0,18550,5:09:10,FALSE,,FALSE,65,65,0,15,0,15,15,0.6428571428571428
428,2010,27,158,Pale Kai Outrigger Canoe Club,women - spec,Women,Spec,Open,Pale Kai,Women - Spec,158,5:10:37,5:10:37,18637,5:10:37,0,0,18637,5:10:37,FALSE,,FALSE,65,65,0,15,0,15,15,0.5714285714285714
429,2010,28,92,Dana Outrigger Canoe Club,women - senior masters,Women,Other,Senior Masters,Dana,Women - Senior Masters,92,5:12:14,5:12:14,18734,5:12:14,0,0,18734,5:12:14,FALSE,,FALSE,65,65,0,15,0,3,3,1
430,2010,29,200,Kai Elua Outrigger Canoe Club,women - senior masters,Women,Other,Senior Masters,Kai Elua,Women - Senior Masters,200,5:12:45,5:12:45,18765,5:12:45,0,0,18765,5:12:45,FALSE,,FALSE,65,65,0,15,0,3,3,0.5
431,2010,30,81,Offshore Outrigger Canoe Club,co-ed - open,Co-Ed,Other,Open,Offshore,Co-Ed - Open,81,5:13:16,5:13:16,18796,5:13:16,-1200,-20,17596,4:53:16,FALSE,,FALSE,65,65,0,15,0,25,25,0.7083333333333333
432,2010,31,5N,Hui Wa'a Outrigger Canoe Club,co-ed - open,Co-Ed,Other,Open,Hui Wa'a Outrigger Canoe Club,Co-Ed - Open,5N,5:15:11,5:15:11,18911,5:15:11,-1200,-20,17711,4:55:11,FALSE,,FALSE,65,65,0,15,0,25,25,0.6666666666666667
433,2010,32,31,Hokuloa,women - bradley,Women,Other,Open,Hokuloa,Women - Bradley,31,5:16:08,5:16:08,18968,5:16:08,0,0,18968,5:16:08,FALSE,,FALSE,65,65,0,15,0,14,14,0.3076923076923077
434,2010,33,140,Santa Barbara Outrigger Canoe Club,co-ed - open,Co-Ed,Other,Open,Santa Barbara,Co-Ed - Open,140,5:16:44,5:16:44,19004,5:16:44,-1200,-20,17804,4:56:44,FALSE,,TRUE,65,65,0,15,0,25,25,0.625
435,2010,34,16,Imua Outrigger Canoe Club,women - spec,Women,Spec,Open,Imua,Women - Spec,16,5:19:23,5:19:23,19163,5:19:23,0,0,19163,5:19:23,FALSE,,FALSE,65,65,0,15,0,15,15,0.5
436,2010,35,15,Kahakai Outrigger Canoe Club,women - bradley,Women,Other,Open,Kahakai,Women - Bradley,15,5:19:52,5:19:52,19192,5:19:52,0,0,19192,5:19:52,FALSE,,FALSE,65,65,0,15,0,14,14,0.23076923076923073
437,2010,36,132,Marina del Rey Outrigger Canoe Club,women - spec,Women,Spec,Open,Marina,Women - Spec,132,5:20:29,5:20:29,19229,5:20:29,0,0,19229,5:20:29,FALSE,,FALSE,65,65,0,15,0,15,15,0.4285714285714286
438,2010,37,169,Hanohano Outrigger Canoe Club,co-ed - open,Co-Ed,Other,Open,Hanohano,Co-Ed - Open,169,5:21:12,5:21:12,19272,5:21:12,-1200,-20,18072,5:01:12,FALSE,,FALSE,65,65,0,15,0,25,25,0.5833333333333333
439,2010,38,131,Marina del Rey Outrigger Canoe Club,women - spec,Women,Spec,Open,Marina,Women - Spec,131,5:22:14,5:22:14,19334,5:22:14,0,0,19334,5:22:14,FALSE,,FALSE,65,65,0,15,0,15,15,0.3571428571428571
440,2010,39,91,Kai Elua Outrigger Canoe Club,women - spec,Women,Spec,Open,Kai Elua,Women - Spec,91,5:22:19,5:22:19,19339,5:22:19,0,0,19339,5:22:19,FALSE,,FALSE,65,65,0,15,0,15,15,0.2857142857142857
441,2010,40,302,Columbia River,co-ed - open,Co-Ed,Other,Open,Columbia River,Co-Ed - Open,302,5:23:45,5:23:45,19425,5:23:45,-1200,-20,18225,5:03:45,FALSE,,FALSE,65,65,0,15,0,25,25,0.5416666666666667
442,2010,41,204,Ka Nai'a Outrigger Canoe Club,co-ed - open,Co-Ed,Other,Open,Ka Nai A,Co-Ed - Open,204,5:24:35,5:24:35,19475,5:24:35,-1200,-20,18275,5:04:35,FALSE,,FALSE,65,65,0,15,0,25,25,0.5
443,2010,42,19,Imua Outrigger Canoe Club,co-ed - open,Co-Ed,Other,Open,Imua,Co-Ed - Open,19,5:24:47,5:24:47,19487,5:24:47,-1200,-20,18287,5:04:47,FALSE,,FALSE,65,65,0,15,0,25,25,0.45833333333333337
444,2010,43,160,Oceanside Outrigger Canoe Club,women - golden masters,Women,Other,Golden Masters,Oceanside,Women - Golden Masters,160,5:25:08,5:25:08,19508,5:25:08,0,0,19508,5:25:08,FALSE,,FALSE,65,65,0,15,0,2,2,1
445,2010,44,41,Akau Hana,women - bradley,Women,Other,Open,Akau Hana,Women - Bradley,41,5:25:27,5:25:27,19527,5:25:27,0,0,19527,5:25:27,FALSE,,FALSE,65,65,0,15,0,14,14,0.15384615384615385
446,2010,45,193,Oxnard,women - bradley,Women,Other,Open,Oxnard,Women - Bradley,193,5:25:38,5:25:38,19538,5:25:38,0,0,19538,5:25:38,FALSE,,FALSE,65,65,0,15,0,14,14,0.07692307692307687
447,2010,46,118x,Ho'okahi Pu'uwai Outrigger Canoe Club,women - spec,Women,Spec,Open,Ho'okahi Pu'uwai,Women - Spec,118x,5:26:00,5:26:00,19560,5:26:00,0,0,19560,5:26:00,FALSE,,FALSE,65,65,0,15,0,15,15,0.2142857142857143
448,2010,47,33,Nahoa Outrigger Canoe Club,co-ed - open,Co-Ed,Other,Open,Nahoa,Co-Ed - Open,33,5:27:38,5:27:38,19658,5:27:38,-1200,-20,18458,5:07:38,FALSE,,FALSE,65,65,0,15,0,25,25,0.41666666666666663
449,2010,48,xx,Lanakila Outrigger Canoe Club,women - 19 & under,Women,Other,19 & Under,Lanakila,Women - 19 & Under,xx,5:27:54,5:27:54,19674,5:27:54,0,0,19674,5:27:54,FALSE,,FALSE,65,65,0,15,0,1,1,
450,2010,49,D7,Dana Outrigger Canoe Club,women - golden masters,Women,Other,Golden Masters,Dana,Women - Golden Masters,D7,5:28:07,5:28:07,19687,5:28:07,0,0,19687,5:28:07,FALSE,,FALSE,65,65,0,15,0,2,2,0
451,2010,50,5,Dana Outrigger Canoe Club,women - bradley,Women,Other,Open,Dana,Women - Bradley,5,5:28:16,5:28:16,19696,5:28:16,0,0,19696,5:28:16,FALSE,,FALSE,65,65,0,15,0,14,14,0
452,2010,51,211,Kupa'a Mau,co-ed - open,Co-Ed,Other,Open,Kupa'a Mau,Co-Ed - Open,211,5:30:29,5:30:29,19829,5:30:29,-1200,-20,18629,5:10:29,FALSE,,FALSE,65,65,0,15,0,25,25,0.375
453,2010,52,93,Kai Elua Outrigger Canoe Club,co-ed - open,Co-Ed,Other,Open,Kai Elua,Co-Ed - Open,93,5:30:46,5:30:46,19846,5:30:46,-1200,-20,18646,5:10:46,FALSE,,FALSE,65,65,0,15,0,25,25,0.33333333333333337
454,2010,53,179,Hanohano Outrigger Canoe Club,women - senior masters,Women,Other,Senior Masters,Hanohano,Women - Senior Masters,179,5:31:07,5:31:07,19867,5:31:07,0,0,19867,5:31:07,FALSE,,FALSE,65,65,0,15,0,3,3,0
455,2010,54,205,Lifeguards,co-ed - open,Co-Ed,Other,Open,Lifeguards,Co-Ed - Open,205,5:34:55,5:34:55,20095,5:34:55,-1200,-20,18895,5:14:55,FALSE,,FALSE,65,65,0,15,0,25,25,0.29166666666666663
456,2010,55,10,Imua Outrigger Canoe Club,co-ed - open,Co-Ed,Other,Open,Imua,Co-Ed - Open,10,5:36:54,5:36:54,20214,5:36:54,-1200,-20,19014,5:16:54,FALSE,,FALSE,65,65,0,15,0,25,25,0.25
457,2010,56,335,Makapo Outrigger Canoe Club,co-ed - open,Co-Ed,Other,Open,Makapo,Co-Ed - Open,335,5:38:13,5:38:13,20293,5:38:13,-1200,-20,19093,5:18:13,FALSE,,FALSE,65,65,0,15,0,25,25,0.20833333333333337
458,2010,57,57,Lokahi Outrigger Canoe Club,co-ed - open,Co-Ed,Other,Open,Lokahi,Co-Ed - Open,57,5:38:45,5:38:45,20325,5:38:45,-1200,-20,19125,5:18:45,FALSE,,FALSE,65,65,0,15,0,25,25,0.16666666666666663
459,2010,58,191,Oceanside Outrigger Canoe Club,women - spec,Women,Spec,Open,Oceanside,Women - Spec,191,5:40:22,5:40:22,20422,5:40:22,0,0,20422,5:40:22,FALSE,,FALSE,65,65,0,15,0,15,15,0.1428571428571429
460,2010,59,334,Makapo Outrigger Canoe Club,co-ed - open,Co-Ed,Other,Open,Makapo,Co-Ed - Open,334,5:43:10,5:43:10,20590,5:43:10,-1200,-20,19390,5:23:10,FALSE,,FALSE,65,65,0,15,0,25,25,0.125
461,2010,60,210,Na Leo O'Ke Kai,co-ed - open,Co-Ed,Other,Open,Na Leo O'Ke Kai,Co-Ed - Open,210,5:43:32,5:43:32,20612,5:43:32,-1200,-20,19412,5:23:32,FALSE,,FALSE,65,65,0,15,0,25,25,0.08333333333333337
462,2010,61,94,Kahakai Outrigger Canoe Club,women - spec,Women,Spec,Open,Kahakai,Women - Spec,94,5:44:42,5:44:42,20682,5:44:42,0,0,20682,5:44:42,FALSE,,FALSE,65,65,0,15,0,15,15,0.0714285714285714
463,2010,62,77,Newport Outrigger Canoe Club,co-ed - open,Co-Ed,Other,Open,Newport,Co-Ed - Open,77,5:45:27,5:45:27,20727,5:45:27,-1200,-20,19527,5:25:27,FALSE,,FALSE,65,65,0,15,0,25,25,0.04166666666666663
464,2010,63,112,Dana Outrigger Canoe Club,women - masters,Women,Other,Masters,Dana,Women - Masters,112,5:46:04,5:46:04,20764,5:46:04,0,0,20764,5:46:04,FALSE,,FALSE,65,65,0,15,0,5,5,0
465,2010,64,117,Lanakila Outrigger Canoe Club,women - spec,Women,Spec,Open,Lanakila,Women - Spec,117,5:49:59,5:49:59,20999,5:49:59,0,0,20999,5:49:59,FALSE,,FALSE,65,65,0,15,0,15,15,0
466,2010,65,75,Mamalahoe Waikoloa,co-ed - open,Co-Ed,Other,Open,Mamalahoe Waikoloa,Co-Ed - Open,75,5:52:03,5:52:03,21123,5:52:03,-1200,-20,19923,5:32:03,FALSE,,FALSE,65,65,0,15,0,25,25,0
467,2011,1,116,Lanakila Outrigger Canoe Club,women - spec,Women,Spec,Open,Lanakila,Women - Spec,116,4:53:18,4:53:18,17598,4:53:18,0,0,17598,4:53:18,FALSE,,FALSE,59,59,0,12,0,12,12,1
468,2011,2,300,Newport Aquatic Center (NAC),women - spec,Women,Spec,Open,NAC,Women - Spec,300,4:57:32,4:57:32,17852,4:57:32,0,0,17852,4:57:32,FALSE,,FALSE,59,59,0,12,0,12,12,0.9090909090909091
469,2011,3,25,Kai Elua Outrigger Canoe Club,co-ed - open,Co-Ed,Other,Open,Kai Elua,Co-Ed - Open,25,5:01:22,5:01:22,18082,5:01:22,-1200,-20,16882,4:41:22,FALSE,,FALSE,59,59,0,12,0,21,21,1
470,2011,4,118,Outrigger Canoe Club,women - spec,Women,Spec,Open,Outrigger Canoe Club,Women - Spec,118,5:02:15,5:02:15,18135,5:02:15,0,0,18135,5:02:15,FALSE,,FALSE,59,59,0,12,0,12,12,0.8181818181818181
471,2011,5,6,Hanohano Outrigger Canoe Club,women - spec,Women,Spec,Open,Hanohano,Women - Spec,6,5:06:31,5:06:31,18391,5:06:31,0,0,18391,5:06:31,FALSE,,FALSE,59,59,0,12,0,12,12,0.7272727272727273
472,2011,6,135,Marina del Rey Outrigger Canoe Club,women - spec,Women,Spec,Open,Marina,Women - Spec,135,5:07:20,5:07:20,18440,5:07:20,0,0,18440,5:07:20,FALSE,,FALSE,59,59,0,12,0,12,12,0.6363636363636364
473,2011,7,619,Kai Elua Outrigger Canoe Club,co-ed - open,Co-Ed,Other,Open,Kai Elua,Co-Ed - Open,619,5:14:14,5:14:14,18854,5:14:14,-1200,-20,17654,4:54:14,FALSE,,FALSE,59,59,0,12,0,21,21,0.95
474,2011,8,302,Newport Aquatic Center (NAC),co-ed - open,Co-Ed,Other,Open,NAC,Co-Ed - Open,302,5:14:38,5:14:38,18878,5:14:38,-1200,-20,17678,4:54:38,FALSE,,FALSE,59,59,0,12,0,21,21,0.9
475,2011,9,34C,SD Wavechaser Hui Wa'a,women - masters,Women,Other,Masters,SD Wavechaser Hui Wa'a,Women - Masters,34C,5:17:55,5:17:55,19075,5:17:55,0,0,19075,5:17:55,FALSE,,FALSE,59,59,0,12,0,8,8,1
476,2011,10,104,Lanakila Outrigger Canoe Club,women - bradley,Women,Other,Open,Lanakila,Women - Bradley,104,5:24:17,5:24:17,19457,5:24:17,0,0,19457,5:24:17,FALSE,,FALSE,59,59,0,12,0,10,10,1
477,2011,11,133,Marina del Rey Outrigger Canoe Club,women - bradley,Women,Other,Open,Marina,Women - Bradley,133,5:29:52,5:29:52,19792,5:29:52,0,0,19792,5:29:52,FALSE,,FALSE,59,59,0,12,0,10,10,0.8888888888888888
478,2011,12,2,Hanohano Outrigger Canoe Club,women - bradley,Women,Other,Open,Hanohano,Women - Bradley,2,5:31:22,5:31:22,19882,5:31:22,0,0,19882,5:31:22,FALSE,,FALSE,59,59,0,12,0,10,10,0.7777777777777778
479,2011,13,16,Imua Outrigger Canoe Club,co-ed - open,Co-Ed,Other,Open,Imua,Co-Ed - Open,16,5:33:38,5:33:38,20018,5:33:38,-1200,-20,18818,5:13:38,FALSE,,FALSE,59,59,0,12,0,21,21,0.85
480,2011,14,42,Offshore Outrigger Canoe Club,co-ed - open,Co-Ed,Other,Open,Offshore,Co-Ed - Open,42,5:38:12,5:38:12,20292,5:38:12,-1200,-20,19092,5:18:12,FALSE,,FALSE,59,59,0,12,0,21,21,0.8
481,2011,15,104X,Tamalpias,women - masters,Women,Other,Masters,Tamalpias,Women - Masters,104X,5:38:14,5:38:14,20294,5:38:14,0,0,20294,5:38:14,FALSE,,FALSE,59,59,0,12,0,8,8,0.8571428571428572
482,2011,16,40,Lanakila Outrigger Canoe Club,women - bradley,Women,Other,Open,Lanakila,Women - Bradley,40,5:38:19,5:38:19,20299,5:38:19,0,0,20299,5:38:19,FALSE,,FALSE,59,59,0,12,0,10,10,0.6666666666666667
483,2011,17,73,Ka Nai'a Outrigger Canoe Club,co-ed - open,Co-Ed,Other,Open,Ka Nai'a,Co-Ed - Open,73,5:38:48,5:38:48,20328,5:38:48,-1200,-20,19128,5:18:48,FALSE,,FALSE,59,59,0,12,0,21,21,0.75
484,2011,18,141,Santa Barbara Outrigger Canoe Club,women - spec,Women,Spec,Open,Santa Barbara,Women - Spec,141,5:38:59,5:38:59,20339,5:38:59,0,0,20339,5:38:59,FALSE,,TRUE,59,59,0,12,0,12,12,0.5454545454545454
485,2011,19,28,Oceanside Outrigger Canoe Club,women - bradley,Women,Other,Open,Oceanside,Women - Bradley,28,5:40:37,5:40:37,20437,5:40:37,0,0,20437,5:40:37,FALSE,,FALSE,59,59,0,12,0,10,10,0.5555555555555556
486,2011,20,X3,Newport Aquatic Center (NAC),men - 19 under,Men,Other,19 & Under,NAC,Men - 19 Under,X3,5:43:23,5:43:23,20603,5:43:23,0,0,20603,5:43:23,FALSE,,FALSE,59,59,0,12,0,2,2,1
487,2011,21,27,Imua Outrigger Canoe Club,women - masters,Women,Other,Masters,Imua,Women - Masters,27,5:43:24,5:43:24,20604,5:43:24,0,0,20604,5:43:24,FALSE,,FALSE,59,59,0,12,0,8,8,0.7142857142857143
488,2011,22,4,Dana Outrigger Canoe Club,women - bradley,Women,Other,Open,Dana,Women - Bradley,4,5:44:46,5:44:46,20686,5:44:46,0,0,20686,5:44:46,FALSE,,FALSE,59,59,0,12,0,10,10,0.4444444444444444
489,2011,23,X1,Lanakila Outrigger Canoe Club,women - 19 & under,Women,Other,19 & Under,Lanakila,Women - 19 & Under,X1,5:46:10,5:46:10,20770,5:46:10,0,0,20770,5:46:10,FALSE,,FALSE,59,59,0,12,0,1,1,
490,2011,24,81,Offshore Outrigger Canoe Club,co-ed - open,Co-Ed,Other,Open,Offshore,Co-Ed - Open,81,5:50:10,5:50:10,21010,5:50:10,-1200,-20,19810,5:30:10,FALSE,,FALSE,59,59,0,12,0,21,21,0.7
491,2011,25,X2,Dana Outrigger Canoe Club,men - 19 under,Men,Other,19 & Under,Dana 5:30:57,Men - 19 Under,X2,5:50:57,5:50:57,21057,5:50:57,0,0,21057,5:50:57,FALSE,,FALSE,59,59,0,12,0,2,2,0
492,2011,26,94,Kahakai Outrigger Canoe Club,women - spec,Women,Spec,Open,Kahakai,Women - Spec,94,5:55:09,5:55:09,21309,5:55:09,0,0,21309,5:55:09,FALSE,,FALSE,59,59,0,12,0,12,12,0.4545454545454546
493,2011,27,333,Newport Aquatic Center (NAC),co-ed - open,Co-Ed,Other,Open,NAC,Co-Ed - Open,333,5:56:21,5:56:21,21381,5:56:21,-1200,-20,20181,5:36:21,FALSE,,FALSE,59,59,0,12,0,21,21,0.65
494,2011,28,33,Nahoa Outrigger Canoe Club,co-ed - open,Co-Ed,Other,Open,Nahoa,Co-Ed - Open,33,5:57:43,5:57:43,21463,5:57:43,-1200,-20,20263,5:37:43,FALSE,,FALSE,59,59,0,12,0,21,21,0.6
495,2011,29,92,Dana Outrigger Canoe Club,women - senior masters,Women,Other,Senior Masters,Dana,Women - Senior Masters,92,5:57:46,5:57:46,21466,5:57:46,0,0,21466,5:57:46,FALSE,,FALSE,59,59,0,12,0,2,2,1
496,2011,30,144,Outrigger Santa Cruz,women - masters,Women,Other,Masters,Santa Cruz,Women - Masters,144,5:59:20,5:59:20,21560,5:59:20,0,0,21560,5:59:20,FALSE,,FALSE,59,59,0,12,0,8,8,0.5714285714285714
497,2011,31,33X,Hui Wa'a Outrigger Canoe Club,women - masters,Women,Other,Masters,Hui Waa,Women - Masters,33X,5:59:59,5:59:59,21599,5:59:59,0,0,21599,5:59:59,FALSE,,FALSE,59,59,0,12,0,8,8,0.4285714285714286
498,2011,32,31,Ka Nai'a Outrigger Canoe Club,co-ed - open,Co-Ed,Other,Open,Ka Nai'a,Co-Ed - Open,31,6:01:35,6:01:35,21695,6:01:35,-1200,-20,20495,5:41:35,FALSE,,FALSE,59,59,0,12,0,21,21,0.55
499,2011,33,48,Kahakai Outrigger Canoe Club,women - senior masters,Women,Other,Senior Masters,Kahakai,Women - Senior Masters,48,6:02:29,6:02:29,21749,6:02:29,0,0,21749,6:02:29,FALSE,,FALSE,59,59,0,12,0,2,2,0
500,2011,34,140,Santa Barbara Outrigger Canoe Club,co-ed - open,Co-Ed,Other,Open,Santa Barbara,Co-Ed - Open,140,6:02:35,6:02:35,21755,6:02:35,-1200,-20,20555,5:42:35,FALSE,,TRUE,59,59,0,12,0,21,21,0.5
501,2011,35,20,Hokuloa,co-ed - open,Co-Ed,Other,Open,Hokuloa,Co-Ed - Open,20,6:02:42,6:02:42,21762,6:02:42,-1200,-20,20562,5:42:42,FALSE,,FALSE,59,59,0,12,0,21,21,0.44999999999999996
502,2011,36,64,San Diego Outrigger Canoe Club,women - bradley,Women,Other,Open,San Diego,Women - Bradley,64,6:05:26,6:05:26,21926,6:05:26,0,0,21926,6:05:26,FALSE,,FALSE,59,59,0,12,0,10,10,0.33333333333333337
503,2011,37,102,Hookahi Puuwai Outrigger,co-ed - open,Co-Ed,Other,Open,Hookahi Puuwai Outrigger,Co-Ed - Open,102,6:06:38,6:06:38,21998,6:06:38,-1200,-20,20798,5:46:38,FALSE,,FALSE,59,59,0,12,0,21,21,0.4
504,2011,38,117,Pu Pu O Hawaii OCC,women - golden masters,Women,Other,Golden Masters,Pu Pu O Hawaii OCC,Women - Golden Masters,117,6:08:00,6:08:00,22080,6:08:00,0,0,22080,6:08:00,FALSE,,FALSE,59,59,0,12,0,3,3,1
505,2011,39,D7,Dana Outrigger Canoe Club,women - golden masters,Women,Other,Golden Masters,Dana,Women - Golden Masters,D7,6:10:28,6:10:28,22228,6:10:28,0,0,22228,6:10:28,FALSE,,FALSE,59,59,0,12,0,3,3,0.5
506,2011,40,334,Makapo Outrigger Canoe Club,co-ed - open,Co-Ed,Other,Open,Makapo,Co-Ed - Open,334,6:10:50,6:10:50,22250,6:10:50,-1200,-20,21050,5:50:50,FALSE,,FALSE,59,59,0,12,0,21,21,0.35
507,2011,41,107,Kai Elua Outrigger Canoe Club,women - bradley,Women,Other,Open,Kai Elua,Women - Bradley,107,6:11:30,6:11:30,22290,6:11:30,0,0,22290,6:11:30,FALSE,,FALSE,59,59,0,12,0,10,10,0.2222222222222222
508,2011,42,XX,Lanakila Outrigger Canoe Club,co-ed - open,Co-Ed,Other,Open,Lanakila,Co-Ed - Open,XX,6:11:47,6:11:47,22307,6:11:47,-1200,-20,21107,5:51:47,FALSE,,FALSE,59,59,0,12,0,21,21,0.30000000000000004
509,2011,43,158,Pale Kai Outrigger Canoe Club,women - spec,Women,Spec,Open,Pale Kai,Women - Spec,158,6:12:05,6:12:05,22325,6:12:05,0,0,22325,6:12:05,FALSE,,FALSE,59,59,0,12,0,12,12,0.36363636363636365
510,2011,44,179,Hanohano Outrigger Canoe Club,women - masters,Women,Other,Masters,Hanohano,Women - Masters,179,6:12:11,6:12:11,22331,6:12:11,0,0,22331,6:12:11,FALSE,,FALSE,59,59,0,12,0,8,8,0.2857142857142857
511,2011,45,74,Santa Barbara Outrigger Canoe Club,co-ed - open,Co-Ed,Other,Open,Santa Barbara,Co-Ed - Open,74,6:13:29,6:13:29,22409,6:13:29,-1200,-20,21209,5:53:29,FALSE,,TRUE,59,59,0,12,0,21,21,0.25
512,2011,46,303,Oceanside Outrigger Canoe Club,co-ed - open,Co-Ed,Other,Open,Oceanside,Co-Ed - Open,303,6:14:42,6:14:42,22482,6:14:42,-1200,-20,21282,5:54:42,FALSE,,FALSE,59,59,0,12,0,21,21,0.19999999999999996
513,2011,47,101,Oceanside Outrigger Canoe Club,women - golden masters,Women,Other,Golden Masters,Oceanside,Women - Golden Masters,101,6:15:16,6:15:16,22516,6:15:16,0,0,22516,6:15:16,FALSE,,FALSE,59,59,0,12,0,3,3,0
514,2011,48,132,Marina del Rey Outrigger Canoe Club,women - spec,Women,Spec,Open,Marina,Women - Spec,132,6:17:16,6:17:16,22636,6:17:16,0,0,22636,6:17:16,FALSE,,FALSE,59,59,0,12,0,12,12,0.2727272727272727
515,2011,49,112,Dana Outrigger Canoe Club,women - masters,Women,Other,Masters,Dana,Women - Masters,112,6:18:47,6:18:47,22727,6:18:47,0,0,22727,6:18:47,FALSE,,FALSE,59,59,0,12,0,8,8,0.1428571428571429
516,2011,50,77,Newport Outrigger Canoe Club,women - bradley,Women,Other,Open,Newport,Women - Bradley,77,6:20:41,6:20:41,22841,6:20:41,0,0,22841,6:20:41,FALSE,,FALSE,59,59,0,12,0,10,10,0.11111111111111116
517,2011,51,213,Oxnard,women - spec,Women,Spec,Open,Oxnard,Women - Spec,213,6:21:30,6:21:30,22890,6:21:30,0,0,22890,6:21:30,FALSE,,FALSE,59,59,0,12,0,12,12,0.18181818181818177
518,2011,52,54,Offshore Outrigger Canoe Club,co-ed - open,Co-Ed,Other,Open,Offshore,Co-Ed - Open,54,6:22:27,6:22:27,22947,6:22:27,-1200,-20,21747,6:02:27,FALSE,,FALSE,59,59,0,12,0,21,21,0.15000000000000002
519,2011,53,5,Dana Outrigger Canoe Club,co-ed - open,Co-Ed,Other,Open,Dana,Co-Ed - Open,5,6:24:59,6:24:59,23099,6:24:59,-1200,-20,21899,6:04:59,FALSE,,FALSE,59,59,0,12,0,21,21,0.09999999999999998
520,2011,54,169,Hanohano Outrigger Canoe Club,women - spec,Women,Spec,Open,Hanohano,Women - Spec,169,6:25:22,6:25:22,23122,6:25:22,0,0,23122,6:25:22,FALSE,,FALSE,59,59,0,12,0,12,12,0.09090909090909094
521,2011,55,18,San Diego Outrigger Canoe Club,women - bradley,Women,Other,Open,San Diego,Women - Bradley,18,6:26:25,6:26:25,23185,6:26:25,0,0,23185,6:26:25,FALSE,,FALSE,59,59,0,12,0,10,10,0
522,2011,56,11,Imua Outrigger Canoe Club,co-ed - open,Co-Ed,Other,Open,Imua,Co-Ed - Open,11,6:27:12,6:27:12,23232,6:27:12,-1200,-20,22032,6:07:12,FALSE,,FALSE,59,59,0,12,0,21,21,0.050000000000000044
523,2011,57,75,Mamalahoe Waikaloa,co-ed - open,Co-Ed,Other,Open,Mamalahoe Waikaloa,Co-Ed - Open,75,6:27:48,6:27:48,23268,6:27:48,-1200,-20,22068,6:07:48,FALSE,,FALSE,59,59,0,12,0,21,21,0
524,2011,58,200,Kai Elua Outrigger Canoe Club,women - masters,Women,Other,Masters,Kai Elua,Women - Masters,200,6:33:26,6:33:26,23606,6:33:26,0,0,23606,6:33:26,FALSE,,FALSE,59,59,0,12,0,8,8,0
525,2011,59,134,Marina del Rey Outrigger Canoe Club,women - spec,Women,Spec,Open,Marina,Women - Spec,134,6:34:14,6:34:14,23654,6:34:14,0,0,23654,6:34:14,FALSE,,FALSE,59,59,0,12,0,12,12,0
283,2012,1,404,Lanakila Outrigger Canoe Club,women - unlimited,Women,Unlimited,Open,Lanakila,Women - Unlimited,404,4:28:45,4:28:45,16125,4:28:45,0,0,16125,4:28:45,FALSE,,FALSE,59,56,5,10,0.3333333333333333,5,5,1
284,2012,2,196,Imua Outrigger Canoe Club,women - unlimited,Women,Unlimited,Open,Imua Outrigger Canoe Club,Women - Unlimited,196,4:38:49,4:38:49,16729,4:38:49,0,0,16729,4:38:49,FALSE,,FALSE,59,56,5,10,0.3333333333333333,5,5,0.75
285,2012,3,3,Dana Outrigger Canoe Club,women - unlimited,Women,Unlimited,Open,Dana Outrigger Canoe Club,Women - Unlimited,3,4:44:44,4:44:44,17084,4:44:44,0,0,17084,4:44:44,FALSE,,FALSE,59,56,5,10,0.3333333333333333,5,5,0.5
286,2012,4,6,Hanohano Outrigger Canoe Club,women - spec,Women,Spec,Open,Hanohano Outrigger Canoe Club,Women - Spec,6,4:46:30,4:46:30,17190,4:46:30,0,0,17190,4:46:30,FALSE,,FALSE,59,56,5,10,0.3333333333333333,10,10,1
287,2012,5,808,Santa Barbara Outrigger Canoe Club,women - unlimited,Women,Unlimited,Open,Santa Barbara Outrigger Canoe Club,Women - Unlimited,808,4:51:09,4:51:09,17469,4:51:09,0,0,17469,4:51:09,FALSE,,TRUE,59,56,5,10,0.3333333333333333,5,5,0.25
288,2012,6,116,Lanakila Outrigger Canoe Club,women - spec,Women,Spec,Open,Lanakila Outrigger Canoe Club,Women - Spec,116,4:53:38,4:53:38,17618,4:53:38,0,0,17618,4:53:38,FALSE,,FALSE,59,56,5,10,0.3333333333333333,10,10,0.8888888888888888
289,2012,7,25,Kai Elua Outrigger Canoe Club,co-ed - open,Co-Ed,Other,Open,Kai Elua Outrigger Canoe Club,Co-Ed - Open,25,4:57:06,4:57:06,17826,4:57:06,-1200,-20,16626,4:37:06,FALSE,,FALSE,59,56,5,10,0.3333333333333333,28,25,1
290,2012,8,335,False Creek Racing Canoe Club,women - spec,Women,Spec,Open,False Creek Racing Canoe Club,Women - Spec,335,4:58:32,4:58:32,17912,4:58:32,0,0,17912,4:58:32,FALSE,,FALSE,59,56,5,10,0.3333333333333333,10,10,0.7777777777777778
291,2012,9,301,Newport Aquatic Center (NAC),co-ed - open,Co-Ed,Other,Open,Newport Aquatic Center (NAC),Co-Ed - Open,301,4:59:02,4:59:02,17942,4:59:02,-1200,-20,16742,4:39:02,FALSE,,FALSE,59,56,5,10,0.3333333333333333,28,25,0.9166666666666666
292,2012,10,132,Marina del Rey Outrigger Canoe Club,women - spec,Women,Spec,Open,Marina del Rey Outrigger Canoe Club,Women - Spec,132,5:00:28,5:00:28,18028,5:00:28,0,0,18028,5:00:28,FALSE,,FALSE,59,56,5,10,0.3333333333333333,10,10,0.6666666666666667
293,2012,11,88,Newport Aquatic Center (NAC),women - unlimited,Women,Unlimited,Open,Newport Aquatic Center (NAC),Women - Unlimited,88,5:05:36,5:05:36,18336,5:05:36,0,0,18336,5:05:36,FALSE,,FALSE,59,56,5,10,0.3333333333333333,5,5,0
294,2012,12,619,Kai Elua Outrigger Canoe Club,women - spec,Women,Spec,Open,Kai Elua Outrigger Canoe Club,Women - Spec,619,5:06:28,5:06:28,18388,5:06:28,0,0,18388,5:06:28,FALSE,,FALSE,59,56,5,10,0.3333333333333333,10,10,0.5555555555555556
295,2012,13,303,Tamalpias,co-ed - open,Co-Ed,Other,Open,Tamalpias,Co-Ed - Open,303,5:08:31,5:08:31,18511,5:08:31,-1200,-20,17311,4:48:31,FALSE,,FALSE,59,56,5,10,0.3333333333333333,28,25,0.875
296,2012,14,179,Hanohano Outrigger Canoe Club,women - masters,Women,Other,Masters,Hanohano Outrigger Canoe Club,Women - Masters,179,5:09:06,5:09:06,18546,5:09:06,0,0,18546,5:09:06,FALSE,,FALSE,59,56,5,10,0.3333333333333333,6,6,1
297,2012,15,94,Niumalu Canoe Club,women - spec,Women,Spec,Open,Niumalu Canoe Club,Women - Spec,94,5:11:14,5:11:14,18674,5:11:14,0,0,18674,5:11:14,FALSE,,FALSE,59,56,5,10,0.3333333333333333,10,10,0.4444444444444444
298,2012,16,18,San Diego Outrigger Canoe Club,women - bradley,Women,Other,Open,San Diego Outrigger Canoe Club,Women - Bradley,18,5:11:32,5:11:32,18692,5:11:32,0,0,18692,5:11:32,FALSE,,FALSE,59,56,5,10,0.3333333333333333,7,7,1
299,2012,17,58,Offshore Outrigger Canoe Club,co-ed - open,Co-Ed,Other,Open,Offshore Outrigger Canoe Club,Co-Ed - Open,58,5:12:09,5:12:09,18729,5:12:09,-1200,-20,17529,4:52:09,FALSE,,FALSE,59,56,5,10,0.3333333333333333,28,25,0.8333333333333334
300,2012,18,81,Offshore Outrigger Canoe Club,co-ed - open,Co-Ed,Other,Open,Offshore Outrigger Canoe Club,Co-Ed - Open,81,5:12:14,5:12:14,18734,5:12:14,-1200,-20,17534,4:52:14,FALSE,,FALSE,59,56,5,10,0.3333333333333333,28,25,0.7916666666666666
301,2012,19,33X,Hui Wa'a Outrigger Canoe Club,women - masters,Women,Other,Masters,Hui Waa Outrigger Canoe & Kayak,Women - Masters,33X,5:14:33,5:14:33,18873,5:14:33,0,0,18873,5:14:33,FALSE,,FALSE,59,56,5,10,0.3333333333333333,6,6,0.8
302,2012,19,28,Oceanside Outrigger Canoe Club,women - bradley,Women,Other,Open,Oceanside Outrigger Canoe Club,Women - Bradley,28,5:17:16,5:17:16,19036,5:17:16,0,0,19036,5:17:16,FALSE,,FALSE,59,56,5,10,0.3333333333333333,7,7,0.8333333333333334
303,2012,20,34C,Pale Kai Outrigger Canoe Club,co-ed - open,Co-Ed,Other,Open,Pale Kai Outrigger Canoe Club,Co-Ed - Open,34C,4:58:04,4:58:04,17884,4:58:04,-1200,-20,16684,4:38:04,FALSE,,FALSE,59,56,5,10,0.3333333333333333,28,25,0.9583333333333334
304,2012,21,104,Lanakila Outrigger Canoe Club,women - bradley,Women,Other,Open,Lanakila Outrigger Canoe Club,Women - Bradley,104,5:18:45,5:18:45,19125,5:18:45,0,0,19125,5:18:45,FALSE,,FALSE,59,56,5,10,0.3333333333333333,7,7,0.6666666666666667
305,2012,22,20,Ka Nai'a Outrigger Canoe Club,co-ed - open,Co-Ed,Other,Open,Ka Nai a Outrigger Canoe Club,Co-Ed - Open,20,5:19:33,5:19:33,19173,5:19:33,-1200,-20,17973,4:59:33,FALSE,,FALSE,59,56,5,10,0.3333333333333333,28,25,0.75
306,2012,23,19,Imua Outrigger Canoe Club,co-ed - open,Co-Ed,Other,Open,Imua Outrigger Canoe Club,Co-Ed - Open,19,5:20:21,5:20:21,19221,5:20:21,-1200,-20,18021,5:00:21,FALSE,,FALSE,59,56,5,10,0.3333333333333333,28,25,0.7083333333333333
307,2012,24,15,Kahakai Outrigger Canoe Club,women - bradley,Women,Other,Open,Kahakai Outrigger Canoe Club,Women - Bradley,15,5:20:21,5:20:21,19221,5:20:21,0,0,19221,5:20:21,FALSE,,FALSE,59,56,5,10,0.3333333333333333,7,7,0.5
308,2012,25,134,Marina del Rey Outrigger Canoe Club,co-ed - open,Co-Ed,Other,Open,Marina del Rey Outrigger Canoe Club,Co-Ed - Open,134,5:21:12,5:21:12,19272,5:21:12,-1200,-20,18072,5:01:12,FALSE,,FALSE,59,56,5,10,0.3333333333333333,28,25,0.6666666666666667
309,2012,26,54,Gorge Rowing and Paddling Centre,women - bradley,Women,Other,Open,Gorge Rowing and Paddling Centre,Women - Bradley,54,5:21:33,5:21:33,19293,5:21:33,0,0,19293,5:21:33,FALSE,,FALSE,59,56,5,10,0.3333333333333333,7,7,0.33333333333333337
310,2012,27,2,Hanohano Outrigger Canoe Club,women - bradley,Women,Other,Open,Hanohano Outrigger Canoe Club,Women - Bradley,2,5:28:11,5:28:11,19691,5:28:11,0,0,19691,5:28:11,FALSE,,FALSE,59,56,5,10,0.3333333333333333,7,7,0.16666666666666663
311,2012,28,48,Kahakai Outrigger Canoe Club,women - senior masters,Women,Other,Senior Masters,Kahakai Outrigger Canoe Club,Women - Senior Masters,48,5:29:03,5:29:03,19743,5:29:03,0,0,19743,5:29:03,FALSE,,FALSE,59,56,5,10,0.3333333333333333,2,2,1
312,2012,29,144,Outrigger Santa Cruz,women - masters,Women,Other,Masters,Outrigger Santa Cruz,Women - Masters,144,5:30:57,5:30:57,19857,5:30:57,0,0,19857,5:30:57,FALSE,,FALSE,59,56,5,10,0.3333333333333333,6,6,0.6
313,2012,30,159,False Creek Racing Canoe Club,women - masters,Women,Other,Masters,False Creek Racing Canoe Club,Women - Masters,159,5:32:01,5:32:01,19921,5:32:01,0,0,19921,5:32:01,FALSE,,FALSE,59,56,5,10,0.3333333333333333,6,6,0.4
314,2012,31,5,Dana Outrigger Canoe Club,co-ed - open,Co-Ed,Other,Open,Dana Outrigger Canoe Club,Co-Ed - Open,5,5:33:57,5:33:57,20037,5:33:57,-1200,-20,18837,5:13:57,FALSE,,FALSE,59,56,5,10,0.3333333333333333,28,25,0.625
315,2012,32,9,Dana Outrigger Canoe Club,co-ed - open,Co-Ed,Other,Open,Dana Outrigger Canoe Club,Co-Ed - Open,9,5:34:09,5:34:09,20049,5:34:09,-1200,-20,18849,5:14:09,FALSE,,FALSE,59,56,5,10,0.3333333333333333,28,25,0.5833333333333333
316,2012,33,16,Imua Outrigger Canoe Club,co-ed - open,Co-Ed,Other,Open,Imua Outrigger Canoe Club,Co-Ed - Open,16,5:34:26,5:34:26,20066,5:34:26,-1200,-20,18866,5:14:26,FALSE,,FALSE,59,56,5,10,0.3333333333333333,28,25,0.5416666666666667
317,2012,34,14,Dana Outrigger Canoe Club,women - senior masters,Women,Other,Senior Masters,Dana Outrigger Canoe Club,Women - Senior Masters,14,5:34:36,5:34:36,20076,5:34:36,0,0,20076,5:34:36,FALSE,,FALSE,59,56,5,10,0.3333333333333333,2,2,0
318,2012,35,93,Kai Elua Outrigger Canoe Club,co-ed - open,Co-Ed,Other,Open,Kai Elua Outrigger Canoe Club,Co-Ed - Open,93,5:34:52,5:34:52,20092,5:34:52,-1200,-20,18892,5:14:52,FALSE,,FALSE,59,56,5,10,0.3333333333333333,28,25,0.5
319,2012,36,117,Lanakila Outrigger Canoe Club,women - spec,Women,Spec,Open,Lanakila Outrigger Canoe Club,Women - Spec,117,5:35:11,5:35:11,20111,5:35:11,0,0,20111,5:35:11,FALSE,,FALSE,59,56,5,10,0.3333333333333333,10,10,0.33333333333333337
320,2012,37,4,Dana Outrigger Canoe Club,co-ed - open,Co-Ed,Other,Open,Dana Outrigger Canoe Club,Co-Ed - Open,4,5:35:49,5:35:49,20149,5:35:49,-1200,-20,18949,5:15:49,FALSE,,FALSE,59,56,5,10,0.3333333333333333,28,25,0.45833333333333337
321,2012,38,169,Hanohano Outrigger Canoe Club,co-ed - open,Co-Ed,Other,Open,Hanohano Outrigger Canoe Club,Co-Ed - Open,169,5:37:36,5:37:36,20256,5:37:36,-1200,-20,19056,5:17:36,FALSE,,FALSE,59,56,5,10,0.3333333333333333,28,25,0.41666666666666663
322,2012,39,31,Ka Nai'a Outrigger Canoe Club,co-ed - open,Co-Ed,Other,Open,Ka Nai a Outrigger Canoe Club,Co-Ed - Open,31,5:38:04,5:38:04,20284,5:38:04,-1200,-20,19084,5:18:04,FALSE,,FALSE,59,56,5,10,0.3333333333333333,28,25,0.375
323,2012,40,27,Imua Outrigger Canoe Club,women - masters,Women,Other,Masters,Imua Outrigger Canoe Club,Women - Masters,27,5:38:27,5:38:27,20307,5:38:27,0,0,20307,5:38:27,FALSE,,FALSE,59,56,5,10,0.3333333333333333,6,6,0.19999999999999996
324,2012,41,333,Offshore Outrigger Canoe Club,co-ed - open,Co-Ed,Other,Open,Offshore Outrigger Canoe Club,Co-Ed - Open,333,5:38:32,5:38:32,20312,5:38:32,-1200,-20,19112,5:18:32,FALSE,,FALSE,59,56,5,10,0.3333333333333333,28,25,0.33333333333333337
325,2012,42,151,Oceanside Outrigger Canoe Club,women - spec,Women,Spec,Open,Oceanside Outrigger Canoe Club,Women - Spec,151,5:39:08,5:39:08,20348,5:39:08,0,0,20348,5:39:08,FALSE,,FALSE,59,56,5,10,0.3333333333333333,10,10,0.2222222222222222
326,2012,43,141,Santa Barbara Outrigger Canoe Club,co-ed - open,Co-Ed,Other,Open,Santa Barbara Outrigger Canoe Club,Co-Ed - Open,141,5:41:41,5:41:41,20501,5:41:41,-1200,-20,19301,5:21:41,FALSE,,TRUE,59,56,5,10,0.3333333333333333,28,25,0.29166666666666663
327,2012,44,73,Hokuloa Outrigger Canoe Club,co-ed - open,Co-Ed,Other,Open,Hokuloa Outrigger Canoe Club,Co-Ed - Open,73,5:42:05,5:42:05,20525,5:42:05,-1200,-20,19325,5:22:05,FALSE,,FALSE,59,56,5,10,0.3333333333333333,28,25,0.25
328,2012,45,10,Dana Outrigger Canoe Club,women - golden masters,Women,Other,Golden Masters,Dana Outrigger Canoe Club,Women - Golden Masters,10,5:43:28,5:43:28,20608,5:43:28,0,0,20608,5:43:28,FALSE,,FALSE,59,56,5,10,0.3333333333333333,1,1,
329,2012,46,11,Nahoa Outrigger Canoe Club,co-ed - open,Co-Ed,Other,Open,Nahoa Outrigger Canoe Club,Co-Ed - Open,11,5:45:07,5:45:07,20707,5:45:07,-1200,-20,19507,5:25:07,FALSE,,FALSE,59,56,5,10,0.3333333333333333,28,25,0.20833333333333337
330,2012,47,200,Kai Elua Outrigger Canoe Club,women - masters,Women,Other,Masters,Kai Elua Outrigger Canoe Club,Women - Masters,200,5:46:46,5:46:46,20806,5:46:46,0,0,20806,5:46:46,FALSE,,FALSE,59,56,5,10,0.3333333333333333,6,6,0
331,2012,48,118,Lanakila Outrigger Canoe Club,co-ed - open,Co-Ed,Other,Open,Lanakila Outrigger Canoe Club,Co-Ed - Open,118,5:47:57,5:47:57,20877,5:47:57,-1200,-20,19677,5:27:57,FALSE,,FALSE,59,56,5,10,0.3333333333333333,28,25,0.16666666666666663
332,2012,49,75,Waikoloa Canoe Club,co-ed - open,Co-Ed,Other,Open,Waikoloa Canoe Club,Co-Ed - Open,75,5:48:48,5:48:48,20928,5:48:48,-1200,-20,19728,5:28:48,FALSE,,FALSE,59,56,5,10,0.3333333333333333,28,25,0.125
333,2012,50,336,Makapo Outrigger Canoe Club,co-ed - open,Co-Ed,Other,Open,Makapo Outrigger Canoe Club,Co-Ed - Open,336,5:52:00,5:52:00,21120,5:52:00,-1200,-20,19920,5:32:00,FALSE,,FALSE,59,56,5,10,0.3333333333333333,28,25,0.08333333333333337
334,2012,51,300,Newport Aquatic Center (NAC),women - spec,Women,Spec,Open,Newport Aquatic Center (NAC),Women - Spec,300,5:52:06,5:52:06,21126,5:52:06,0,0,21126,5:52:06,FALSE,,FALSE,59,56,5,10,0.3333333333333333,10,10,0.11111111111111116
335,2012,52,133,Marina del Rey Outrigger Canoe Club,women - bradley,Women,Other,Open,Marina del Rey Outrigger Canoe Club,Women - Bradley,133,5:52:25,5:52:25,21145,5:52:25,0,0,21145,5:52:25,FALSE,,FALSE,59,56,5,10,0.3333333333333333,7,7,0
336,2012,53,135,Marina del Rey Outrigger Canoe Club,co-ed - open,Co-Ed,Other,Open,Marina del Rey Outrigger Canoe Club,Co-Ed - Open,135,5:56:45,5:56:45,21405,5:56:45,-1200,-20,20205,5:36:45,FALSE,,FALSE,59,56,5,10,0.3333333333333333,28,25,0.04166666666666663
337,2012,54,50,Kapoliokaehukai OCC,co-ed - open,Co-Ed,Other,Open,Kapoliokaehukai OCC,Co-Ed - Open,50,6:07:25,6:07:25,22045,6:07:25,-1200,-20,20845,5:47:25,FALSE,,FALSE,59,56,5,10,0.3333333333333333,28,25,0
338,2012,55,13,Dana Outrigger Canoe Club,women - spec,Women,Spec,Open,Dana Outrigger Canoe Club,Women - Spec,13,6:16:00,6:16:00,22560,6:16:00,0,0,22560,6:16:00,FALSE,,FALSE,59,56,5,10,0.3333333333333333,10,10,0
339,2012,56,403,Vancouver Ocean Sports,co-ed - open,Co-Ed,Other,Open,Vancouver Ocean Sports DQ 4.29.00,Co-Ed - Open,403,4:49:00,4:49:00,17340,4:49:00,-1200,-20,,,TRUE,4.29.00,FALSE,59,56,5,10,0.3333333333333333,28,25,
340,2012,57,805,Newport Aquatic Center (NAC),co-ed - open,Co-Ed,Other,Open,Newport Aquatic Center (NAC) DQ 4.50.59,Co-Ed - Open,805,5:10:59,5:10:59,18659,5:10:59,-1200,-20,,,TRUE,4.50.59,FALSE,59,56,5,10,0.3333333333333333,28,25,
341,2012,58,58,Offshore Outrigger Canoe Club,co-ed - open,Co-Ed,Other,Open,Offshore Outrigger Canoe Club DQ 4.52.09,Co-Ed - Open,58,5:12:09,5:12:09,18729,5:12:09,-1200,-20,,,TRUE,4.52.09,FALSE,59,56,5,10,0.3333333333333333,28,25,
526,2013,1,404,Lanakila Outrigger Canoe Club,women - unlimited,Women,Unlimited,Open,Lanakila Outrigger Canoe Club,Women - Unlimited,404,4:40:00,4:40:00,16800,4:40:00,0,0,16800,4:40:00,FALSE,,FALSE,62,62,16,9,0.64,10,10,1
527,2013,2,2,Dana Outrigger Canoe Club,women - unlimited,Women,Unlimited,Open,Dana Outrigger Canoe Club,Women - Unlimited,2,4:43:35,4:43:35,17015,4:43:35,0,0,17015,4:43:35,FALSE,,FALSE,62,62,16,9,0.64,10,10,0.8888888888888888
528,2013,3,199,Hanohano Outrigger Canoe Club,women - unlimited,Women,Unlimited,Open,Hanohano Outrigger Canoe Club,Women - Unlimited,199,4:46:18,4:46:18,17178,4:46:18,0,0,17178,4:46:18,FALSE,,FALSE,62,62,16,9,0.64,10,10,0.7777777777777778
529,2013,4,714,Imua Outrigger Canoe Club,women - unlimited,Women,Unlimited,Open,Imua Outrigger Canoe Club,Women - Unlimited,714,4:47:57,4:47:57,17277,4:47:57,0,0,17277,4:47:57,FALSE,,FALSE,62,62,16,9,0.64,10,10,0.6666666666666667
530,2013,5,130,Marina del Rey Outrigger Canoe Club,women - unlimited,Women,Unlimited,Open,Marina del Rey Outrigger Canoe Club,Women - Unlimited,130,4:55:59,4:55:59,17759,4:55:59,0,0,17759,4:55:59,FALSE,,FALSE,62,62,16,9,0.64,10,10,0.5555555555555556
531,2013,6,424,Kai Elua Outrigger Canoe Club,co-ed - open unlimited,Co-Ed,Unlimited,Open,Kai Elua Outrigger Canoe Club,Co-Ed - Open UL,424,4:58:23,4:58:23,17903,4:58:23,-1200,-20,16703,4:38:23,FALSE,,FALSE,62,62,16,9,0.64,6,6,1
532,2013,7,333,Newport Aquatic Center (NAC),co-ed - open,Co-Ed,Other,Open,Newport Aquatic Center (NAC),Co-Ed - Open,333,5:01:05,5:01:05,18065,5:01:05,-1200,-20,16865,4:41:05,FALSE,,FALSE,62,62,16,9,0.64,20,20,1
533,2013,8,31x,Hui Wa'a Outrigger Canoe Club,women - unlimited,Women,Unlimited,Open,Hui Waa Outrigger Canoe Club,Women - Unlimited,31x,5:02:06,5:02:06,18126,5:02:06,0,0,18126,5:02:06,FALSE,,FALSE,62,62,16,9,0.64,10,10,0.4444444444444444
534,2013,9,88,Newport Aquatic Center (NAC),women - unlimited,Women,Unlimited,Open,Newport Aquatic Center (NAC),Women - Unlimited,88,5:05:38,5:05:38,18338,5:05:38,0,0,18338,5:05:38,FALSE,,FALSE,62,62,16,9,0.64,10,10,0.33333333333333337
535,2013,10,808,Santa Barbara Outrigger Canoe Club,women - unlimited,Women,Unlimited,Open,Santa Barbara Outrigger Canoe Club,Women - Unlimited,808,5:08:48,5:08:48,18528,5:08:48,0,0,18528,5:08:48,FALSE,,TRUE,62,62,16,9,0.64,10,10,0.2222222222222222
536,2013,11,58,Offshore Outrigger Canoe Club,co-ed - open unlimited,Co-Ed,Unlimited,Open,Offshore Outrigger Canoe Club,Co-Ed - Open UL,58,5:12:06,5:12:06,18726,5:12:06,-1200,-20,17526,4:52:06,FALSE,,FALSE,62,62,16,9,0.64,6,6,0.8
537,2013,12,301,Newport Aquatic Center (NAC),co-ed - open,Co-Ed,Other,Open,Newport Aquatic Center (NAC),Co-Ed - Open,301,5:12:17,5:12:17,18737,5:12:17,-1200,-20,17537,4:52:17,FALSE,,FALSE,62,62,16,9,0.64,20,20,0.9473684210526316
538,2013,13,54,Offshore Outrigger Canoe Club,co-ed - open,Co-Ed,Other,Open,Offshore Outrigger Canoe Club,Co-Ed - Open,54,5:13:07,5:13:07,18787,5:13:07,-1200,-20,17587,4:53:07,FALSE,,FALSE,62,62,16,9,0.64,20,20,0.8947368421052632
539,2013,14,303,Oceanside Outrigger Canoe Club,co-ed - open,Co-Ed,Other,Open,Oceanside Outrigger Canoe Club,Co-Ed - Open,303,5:14:30,5:14:30,18870,5:14:30,-1200,-20,17670,4:54:30,FALSE,,FALSE,62,62,16,9,0.64,20,20,0.8421052631578947
540,2013,15,116,Lanakila Outrigger Canoe Club,women - spec,Women,Spec,Open,Lanakila Outrigger Canoe Club,Women - Spec,116,5:15:36,5:15:36,18936,5:15:36,0,0,18936,5:15:36,FALSE,,FALSE,62,62,16,9,0.64,9,9,1
541,2013,16,405,Marina del Rey Outrigger Canoe Club,women - unlimited,Women,Unlimited,Open,Marina del Rey Outrigger Canoe Club,Women - Unlimited,405,5:16:20,5:16:20,18980,5:16:20,0,0,18980,5:16:20,FALSE,,FALSE,62,62,16,9,0.64,10,10,0.11111111111111116
542,2013,17,16,Imua Outrigger Canoe Club,co-ed - open,Co-Ed,Other,Open,Imua Outrigger Canoe Club,Co-Ed - Open,16,5:20:02,5:20:02,19202,5:20:02,-1200,-20,18002,5:00:02,FALSE,,FALSE,62,62,16,9,0.64,20,20,0.7894736842105263
543,2013,18,34c,Hui Wa'a Outrigger Canoe Club,co-ed - open,Co-Ed,Other,Open,Hui Waa Outrigger Canoe Club,Co-Ed - Open,34c,5:23:05,5:23:05,19385,5:23:05,-1200,-20,18185,5:03:05,FALSE,,FALSE,62,62,16,9,0.64,20,20,0.736842105263158
544,2013,19,33x,Hui Wa'a Outrigger Canoe Club,women - masters,Women,Other,Masters,Hui Waa Outrigger Canoe Club,Women - Masters,33x,5:25:00,5:25:00,19500,5:25:00,0,0,19500,5:25:00,FALSE,,FALSE,62,62,16,9,0.64,4,4,1
545,2013,20,89,Hanohano Outrigger Canoe Club,women - bradley,Women,Other,Open,Hanohano Outrigger Canoe Club,Women - Bradley,89,5:26:17,5:26:17,19577,5:26:17,0,0,19577,5:26:17,FALSE,,FALSE,62,62,16,9,0.64,9,9,1
546,2013,21,141,Tamalpias,co-ed - open,Co-Ed,Other,Open,Tamalpias,Co-Ed - Open,141,5:27:37,5:27:37,19657,5:27:37,-1200,-20,18457,5:07:37,FALSE,,FALSE,62,62,16,9,0.64,20,20,0.6842105263157895
547,2013,22,619,Kai Elua Outrigger Canoe Club,co-ed - open,Co-Ed,Other,Open,Kai Elua Outrigger Canoe Club,Co-Ed - Open,619,5:29:24,5:29:24,19764,5:29:24,-1200,-20,18564,5:09:24,FALSE,,FALSE,62,62,16,9,0.64,20,20,0.631578947368421
548,2013,23,134,Washington Canoe Club,women - spec,Women,Spec,Open,Washington Canoe Club,Women - Spec,134,5:31:12,5:31:12,19872,5:31:12,0,0,19872,5:31:12,FALSE,,FALSE,62,62,16,9,0.64,9,9,0.875
549,2013,24,3,Dana Outrigger Canoe Club,co-ed - open unlimited,Co-Ed,Unlimited,Open,Dana Outrigger Canoe Club,Co-Ed - Open UL,3,5:34:37,5:34:37,20077,5:34:37,-1200,-20,18877,5:14:37,FALSE,,FALSE,62,62,16,9,0.64,6,6,0.6
550,2013,25,94,Kahakai Outrigger Canoe Club,women - spec,Women,Spec,Open,Kahakai Outrigger Canoe Club,Women - Spec,94,5:34:57,5:34:57,20097,5:34:57,0,0,20097,5:34:57,FALSE,,FALSE,62,62,16,9,0.64,9,9,0.75
551,2013,26,108x,San Francisco Outrigger Canoe Club,women - unlimited,Women,Unlimited,Open,San Francisco Outrigger Canoe Club,Women - Unlimited,108x,5:35:27,5:35:27,20127,5:35:27,0,0,20127,5:35:27,FALSE,,FALSE,62,62,16,9,0.64,10,10,0
552,2013,27,1,Dana Outrigger Canoe Club,co-ed - open unlimited,Co-Ed,Unlimited,Open,Dana Outrigger Canoe Club,Co-Ed - Open UL,1,5:36:40,5:36:40,20200,5:36:40,-1200,-20,19000,5:16:40,FALSE,,FALSE,62,62,16,9,0.64,6,6,0.4
553,2013,28,179,Hokuloa Outrigger Canoe Club,women - spec,Women,Spec,Open,Hokuloa Outrigger Canoe Club,Women - Spec,179,5:37:29,5:37:29,20249,5:37:29,0,0,20249,5:37:29,FALSE,,FALSE,62,62,16,9,0.64,9,9,0.625
554,2013,29,42,Outrigger Santa Cruz,co-ed - open,Co-Ed,Other,Open,Outrigger Santa Cruz,Co-Ed - Open,42,5:39:10,5:39:10,20350,5:39:10,-1200,-20,19150,5:19:10,FALSE,,FALSE,62,62,16,9,0.64,20,20,0.5789473684210527
555,2013,30,19,Imua Outrigger Canoe Club,co-ed - open,Co-Ed,Other,Open,Imua Outrigger Canoe Club,Co-Ed - Open,19,5:39:41,5:39:41,20381,5:39:41,-1200,-20,19181,5:19:41,FALSE,,FALSE,62,62,16,9,0.64,20,20,0.5263157894736843
556,2013,31,104,Lanakila Outrigger Canoe Club,women - bradley,Women,Other,Open,Lanakila Outrigger Canoe Club,Women - Bradley,104,5:41:12,5:41:12,20472,5:41:12,0,0,20472,5:41:12,FALSE,,FALSE,62,62,16,9,0.64,9,9,0.875
557,2013,32,313,Offshore Outrigger Canoe Club,co-ed - open unlimited,Co-Ed,Unlimited,Open,Offshore Outrigger Canoe Club,Co-Ed - Open UL,313,5:42:04,5:42:04,20524,5:42:04,-1200,-20,19324,5:22:04,FALSE,,FALSE,62,62,16,9,0.64,6,6,0.19999999999999996
558,2013,33,13,Dana Outrigger Canoe Club,women - masters,Women,Other,Masters,Dana Outrigger Canoe Club,Women - Masters,13,5:44;32,5:44:32,20672,5:44:32,0,0,20672,5:44:32,FALSE,,FALSE,62,62,16,9,0.64,4,4,0.6666666666666667
559,2013,34,133,Marina del Rey Outrigger Canoe Club,women - bradley,Women,Other,Open,Marina del Rey Outrigger Canoe Club,Women - Bradley,133,5:45:09,5:45:09,20709,5:45:09,0,0,20709,5:45:09,FALSE,,FALSE,62,62,16,9,0.64,9,9,0.75
560,2013,35,158,Pale Kai Outrigger Canoe Club,co-ed - open,Co-Ed,Other,Open,Pale Kai Outrigger Canoe Club,Co-Ed - Open,158,5:45:29,5:45:29,20729,5:45:29,-1200,-20,19529,5:25:29,FALSE,,FALSE,62,62,16,9,0.64,20,20,0.4736842105263158
561,2013,36,56x,Hookahi Puuwai Outrigger,co-ed - open,Co-Ed,Other,Open,Hookahi Puuwai Outrigger,Co-Ed - Open,56x,5:46:24,5:46:24,20784,5:46:24,-1200,-20,19584,5:26:24,FALSE,,FALSE,62,62,16,9,0.64,20,20,0.42105263157894735
562,2013,37,334,Newport Aquatic Center (NAC),co-ed - open,Co-Ed,Other,Open,Newport Aquatic Center (NAC),Co-Ed - Open,334,5:51:57,5:51:57,21117,5:51:57,-1200,-20,19917,5:31:57,FALSE,,FALSE,62,62,16,9,0.64,20,20,0.368421052631579
563,2013,38,107,San Diego Outrigger Canoe Club,women - bradley,Women,Other,Open,San Diego Outrigger Canoe Club,Women - Bradley,107,5:52:28,5:52:28,21148,5:52:28,0,0,21148,5:52:28,FALSE,,FALSE,62,62,16,9,0.64,9,9,0.625
564,2013,39,159,Marina del Rey Outrigger Canoe Club,co-ed - open,Co-Ed,Other,Open,Marina del Rey Outrigger Canoe Club,Co-Ed - Open,159,5:53:28,5:53:28,21208,5:53:28,-1200,-20,20008,5:33:28,FALSE,,FALSE,62,62,16,9,0.64,20,20,0.3157894736842105
565,2013,40,81,Kana Lui Miami Outrigger Canoe Club,co-ed - open,Co-Ed,Other,Open,Kana Lui Miami,Co-Ed - Open,81,5:53:53,5:53:53,21233,5:53:53,-1200,-20,20033,5:33:53,FALSE,,FALSE,62,62,16,9,0.64,20,20,0.26315789473684215
566,2013,41,25,Kai Elua Outrigger Canoe Club,co-ed - open,Co-Ed,Other,Open,Kai Elua Outrigger Canoe Club,Co-Ed - Open,25,5:54:09,5:54:09,21249,5:54:09,-1200,-20,20049,5:34:09,FALSE,,FALSE,62,62,16,9,0.64,20,20,0.21052631578947367
567,2013,42,28,Oceanside Outrigger Canoe Club,women - bradley,Women,Other,Open,Oceanside Outrigger Canoe Club,Women - Bradley,28,5:54:25,5:54:25,21265,5:54:25,0,0,21265,5:54:25,FALSE,,FALSE,62,62,16,9,0.64,9,9,0.5
568,2013,43,300,Newport Aquatic Center (NAC),co-ed - open,Co-Ed,Other,Open,Newport Aquatic Center (NAC),Co-Ed - Open,300,5:56:13,5:56:13,21373,5:56:13,-1200,-20,20173,5:36:13,FALSE,,FALSE,62,62,16,9,0.64,20,20,0.1578947368421053
569,2013,44,302,Newport Aquatic Center (NAC),women - 19 & under,Women,Other,19 & Under,Newport Aquatic Center (NAC),Women - 19 & Under,302,5:56:39,5:56:39,21399,5:56:39,0,0,21399,5:56:39,FALSE,,FALSE,62,62,16,9,0.64,1,1,
570,2013,45,115,Ka Nai'a Outrigger Canoe Club,women - bradley,Women,Other,Open,Ka Naia Outrigger Canoe Club,Women - Bradley,115,5:58:22,5:58:22,21502,5:58:22,0,0,21502,5:58:22,FALSE,,FALSE,62,62,16,9,0.64,9,9,0.375
571,2013,46,15,Kahakai Outrigger Canoe Club,women - bradley,Women,Other,Open,Kahakai Outrigger Canoe Club,Women - Bradley,15,5:58:26,5:58:26,21506,5:58:26,0,0,21506,5:58:26,FALSE,,FALSE,62,62,16,9,0.64,9,9,0.25
572,2013,47,14,Dana Outrigger Canoe Club,women - senior masters,Women,Other,Senior Masters,Dana Outrigger Canoe Club,Women - Senior Masters,14,5:59:35,5:59:35,21575,5:59:35,0,0,21575,5:59:35,FALSE,,FALSE,62,62,16,9,0.64,1,1,
573,2013,48,4,Dana Outrigger Canoe Club,women - bradley,Women,Other,Open,Dana Outrigger Canoe Club,Women - Bradley,4,6:00:32,6:00:32,21632,6:00:32,0,0,21632,6:00:32,FALSE,,FALSE,62,62,16,9,0.64,9,9,0.125
574,2013,49,152,Pale Kai Outrigger Canoe Club,co-ed - open,Co-Ed,Other,Open,Pale Kai Outrigger Canoe Club,Co-Ed - Open,152,6:01:34,6:01:34,21694,6:01:34,-1200,-20,20494,5:41:34,FALSE,,FALSE,62,62,16,9,0.64,20,20,0.10526315789473684
575,2013,50,407,Lanakila Outrigger Canoe Club,co-ed - open unlimited,Co-Ed,Unlimited,Open,Lanakila Outrigger Canoe Club,Co-Ed - Open UL,407,6:03:56,6:03:56,21836,6:03:56,-1200,-20,20636,5:43:56,FALSE,,FALSE,62,62,16,9,0.64,6,6,0
576,2013,51,6,Hanohano Outrigger Canoe Club,women - spec,Women,Spec,Open,Hanohano Outrigger Canoe Club,Women - Spec,6,6:06:14,6:06:14,21974,6:06:14,0,0,21974,6:06:14,FALSE,,FALSE,62,62,16,9,0.64,9,9,0.5
577,2013,52,9,Dana Outrigger Canoe Club,co-ed - masters,Co-Ed,Other,Masters,Dana Outrigger Canoe Club,Co-Ed - Masters,9,6:11:56,6:11:56,22316,6:11:56,-1200,-20,21116,5:51:56,FALSE,,FALSE,62,62,16,9,0.64,1,1,
578,2013,53,27,Imua Outrigger Canoe Club,women - spec,Women,Spec,Open,Imua Outrigger Canoe Club,Women - Spec,27,6:13:48,6:13:48,22428,6:13:48,0,0,22428,6:13:48,FALSE,,FALSE,62,62,16,9,0.64,9,9,0.375
579,2013,54,10,Dana Outrigger Canoe Club,women - golden masters,Women,Other,Golden Masters,Dana Outrigger Canoe Club,Women - Golden Masters,10,6:16:54,6:16:54,22614,6:16:54,0,0,22614,6:16:54,FALSE,,FALSE,62,62,16,9,0.64,1,1,
580,2013,55,118,Lanakila Outrigger Canoe Club,women - spec,Women,Spec,Open,Lanakila Outrigger Canoe Club,Women - Spec,118,6:18:04,6:18:04,22684,6:18:04,0,0,22684,6:18:04,FALSE,,FALSE,62,62,16,9,0.64,9,9,0.25
581,2013,56,191,Oceanside Outrigger Canoe Club,women - masters,Women,Other,Masters,Oceanside Outrigger Canoe Club,Women - Masters,191,6:25:31,6:25:31,23131,6:25:31,0,0,23131,6:25:31,FALSE,,FALSE,62,62,16,9,0.64,4,4,0.33333333333333337
582,2013,57,200,Kapoliokaehukai OCC,co-ed - open,Co-Ed,Other,Open,Kapoliokaehukai OCC,Co-Ed - Open,200,6:27:53,6:27:53,23273,6:27:53,-1200,-20,22073,6:07:53,FALSE,,FALSE,62,62,16,9,0.64,20,20,0.052631578947368474
583,2013,58,48,Kahakai Outrigger Canoe Club,women - spec,Women,Spec,Open,Kahakai Outrigger Canoe Club,Women - Spec,48,6:28:41,6:28:41,23321,6:28:41,0,0,23321,6:28:41,FALSE,,FALSE,62,62,16,9,0.64,9,9,0.125
584,2013,59,132,Marina del Rey Outrigger Canoe Club,women - masters,Women,Other,Masters,Marina del Rey Outrigger Canoe Club,Women - Masters,132,6:29:23,6:29:23,23363,6:29:23,0,0,23363,6:29:23,FALSE,,FALSE,62,62,16,9,0.64,4,4,0
585,2013,60,169,Hanohano Outrigger Canoe Club,women - spec,Women,Spec,Open,Hanohano Outrigger Canoe Club,Women - Spec,169,6:31:59,6:31:59,23519,6:31:59,0,0,23519,6:31:59,FALSE,,FALSE,62,62,16,9,0.64,9,9,0
586,2013,61,33,Nahoa Outrigger Canoe Club,co-ed - open,Co-Ed,Other,Open,Nahoa Outrigger Canoe Club,Co-Ed - Open,33,6:33:26,6:33:26,23606,6:33:26,-1200,-20,22406,6:13:26,FALSE,,FALSE,62,62,16,9,0.64,20,20,0
587,2013,62,29,Imua Outrigger Canoe Club,women - bradley,Women,Other,Open,Imua Outrigger Canoe Club,Women - Bradley,29,6:35:03,6:35:03,23703,6:35:03,0,0,23703,6:35:03,FALSE,,FALSE,62,62,16,9,0.64,9,9,0
342,2014,1,0,Dana Outrigger Canoe Club,women - unlimited,Women,Unlimited,Open,Dana Outrigger Canoe Club,Women - Unlimited,0,4:25:40,4:25:40,15940,4:25:40,0,0,15940,4:25:40,FALSE,,FALSE,60,60,18,10,0.6428571428571429,11,11,1
343,2014,2,404,Lanakila Outrigger Canoe Club,women - unlimited,Women,Unlimited,Open,Lanakila Outrigger Canoe Club,Women - Unlimited,404,4:28:35,4:28:35,16115,4:28:35,0,0,16115,4:28:35,FALSE,,FALSE,60,60,18,10,0.6428571428571429,11,11,0.9
344,2014,3,199,Hanohano Outrigger Canoe Club,women - unlimited,Women,Unlimited,Open,Hanohano Outrigger Canoe Club,Women - Unlimited,199,4:33:48,4:33:48,16428,4:33:48,0,0,16428,4:33:48,FALSE,,FALSE,60,60,18,10,0.6428571428571429,11,11,0.8
345,2014,4,888,Imua Outrigger Canoe Club,women - unlimited,Women,Unlimited,Open,Imua Outrigger Canoe Club,Women - Unlimited,888,4:40:32,4:40:32,16832,4:40:32,0,0,16832,4:40:32,FALSE,,FALSE,60,60,18,10,0.6428571428571429,11,11,0.7
346,2014,5,405,O Kalani Outrigger Canoe Club,co-ed - open unlimited,Co-Ed,Unlimited,Open,O Kalani Outrigger Canoe Club,Co-Ed - Open UL,405,4:26:17,4:26:17,15977,4:26:17,-1200,-20,14777,4:06:17,FALSE,,FALSE,60,60,18,10,0.6428571428571429,7,7,1
347,2014,6,313,Oceanside Outrigger Canoe Club,co-ed - open unlimited,Co-Ed,Unlimited,Open,Oceanside Outrigger Canoe Club,Co-Ed - Open UL,313,4:27:54,4:27:54,16074,4:27:54,-1200,-20,14874,4:07:54,FALSE,,FALSE,60,60,18,10,0.6428571428571429,7,7,0.8333333333333334
348,2014,7,31U,Hui Wa'a Outrigger Canoe Club,women - unlimited,Women,Unlimited,Open,Hui Wa'a Outrigger Canoe Club,Women - Unlimited,31U,4:48:41,4:48:41,17321,4:48:41,0,0,17321,4:48:41,FALSE,,FALSE,60,60,18,10,0.6428571428571429,11,11,0.6
349,2014,8,333,Newport Aquatic Center (NAC),co-ed - open unlimited,Co-Ed,Unlimited,Open,Newport Aquatic Center (NAC),Co-Ed - Open UL,333,4:33:56,4:33:56,16436,4:33:56,-1200,-20,15236,4:13:56,FALSE,,FALSE,60,60,18,10,0.6428571428571429,7,7,0.6666666666666667
350,2014,9,2,Dana Outrigger Canoe Club,women - unlimited,Women,Unlimited,Open,Dana Outrigger Canoe Club,Women - Unlimited,2,4:52:42,4:52:42,17562,4:52:42,0,0,17562,4:52:42,FALSE,,FALSE,60,60,18,10,0.6428571428571429,11,11,0.5
351,2014,10,222,Offshore Outrigger Canoe Club,co-ed - open,Co-Ed,Other,Open,Offshore Outrigger Canoe Club,Co-Ed - Open,222,5:21:54,5:21:54,19314,5:21:54,-1200,-20,18114,5:01:54,FALSE,,FALSE,60,60,18,10,0.6428571428571429,18,18,0.7058823529411764
352,2014,11,80,Newport Aquatic Center (NAC),women - unlimited,Women,Unlimited,Open,Newport Aquatic Center (NAC),Women - Unlimited,80,4:58:51,4:58:51,17931,4:58:51,0,0,17931,4:58:51,FALSE,,FALSE,60,60,18,10,0.6428571428571429,11,11,0.4
353,2014,12,130,Marina del Rey Outrigger Canoe Club,women - unlimited,Women,Unlimited,Open,Marina del Rey Outrigger Canoe Club,Women - Unlimited,130,4:59:36,4:59:36,17976,4:59:36,0,0,17976,4:59:36,FALSE,,FALSE,60,60,18,10,0.6428571428571429,11,11,0.30000000000000004
354,2014,13,116,Lanakila Outrigger Canoe Club,women - spec,Women,Spec,Open,Lanakila Outrigger Canoe Club,Women - Spec,116,5:03:51,5:03:51,18231,5:03:51,0,0,18231,5:03:51,FALSE,,FALSE,60,60,18,10,0.6428571428571429,10,10,1
355,2014,14,424,Kai Elua Outrigger Canoe Club,women - unlimited,Women,Unlimited,Open,Kai Elua Outrigger Canoe Club,Women - Unlimited,424,5:14:49,5:14:49,18889,5:14:49,0,0,18889,5:14:49,FALSE,,FALSE,60,60,18,10,0.6428571428571429,11,11,0.19999999999999996
356,2014,15,999,Kahakai Outrigger Canoe Club,women - spec,Women,Spec,Open,Kahakai Outrigger Canoe Club,Women - Spec,999,5:14:56,5:14:56,18896,5:14:56,0,0,18896,5:14:56,FALSE,,FALSE,60,60,18,10,0.6428571428571429,10,10,0.8888888888888888
357,2014,16,407,Outrigger Santa Cruz,co-ed - open unlimited,Co-Ed,Unlimited,Open,Outrigger Santa Cruz,Co-Ed - Open UL,407,4:56:19,4:56:19,17779,4:56:19,-1200,-20,16579,4:36:19,FALSE,,FALSE,60,60,18,10,0.6428571428571429,7,7,0.5
358,2014,17,141,Santa Barbara Outrigger Canoe Club,women - spec,Women,Spec,Open,Santa Barbara Outrigger Canoe Club,Women - Spec,141,5:17:11,5:17:11,19031,5:17:11,0,0,19031,5:17:11,FALSE,,TRUE,60,60,18,10,0.6428571428571429,10,10,0.7777777777777778
359,2014,18,115,Ka Nai'a Outrigger Canoe Club,co-ed - open,Co-Ed,Other,Open,Ka Nai'a Outrigger Canoe Club,Co-Ed - Open,115,4:57:24,4:57:24,17844,4:57:24,-1200,-20,16644,4:37:24,FALSE,,FALSE,60,60,18,10,0.6428571428571429,18,18,1
360,2014,19,31,Hokuloa Outrigger Canoe Club,women - bradley,Women,Other,Open,Hokuloa Outrigger Canoe Club,Women - Bradley,31,5:17:26,5:17:26,19046,5:17:26,0,0,19046,5:17:26,FALSE,,FALSE,60,60,18,10,0.6428571428571429,7,7,1
361,2014,20,808,Santa Barbara Outrigger Canoe Club,co-ed - open unlimited,Co-Ed,Unlimited,Open,Santa Barbara Outrigger Canoe Club,Co-Ed - Open UL,808,4:58:19,4:58:19,17899,4:58:19,-1200,-20,16699,4:38:19,FALSE,,TRUE,60,60,18,10,0.6428571428571429,7,7,0.33333333333333337
362,2014,21,169,Hanohano Outrigger Canoe Club,women - spec,Women,Spec,Open,Hanohano Outrigger Canoe Club,Women - Spec,169,5:19:38,5:19:38,19178,5:19:38,0,0,19178,5:19:38,FALSE,,FALSE,60,60,18,10,0.6428571428571429,10,10,0.6666666666666667
363,2014,22,104,Lanakila Outrigger Canoe Club,women - bradley,Women,Other,Open,Lanakila Outrigger Canoe Club,Women - Bradley,104,5:20:41,5:20:41,19241,5:20:41,0,0,19241,5:20:41,FALSE,,FALSE,60,60,18,10,0.6428571428571429,7,7,0.8333333333333334
364,2014,23,3,Dana Outrigger Canoe Club,co-ed - open unlimited,Co-Ed,Unlimited,Open,Dana Outrigger Canoe Club,Co-Ed - Open UL,3,5:04:58,5:04:58,18298,5:04:58,-1200,-20,17098,4:44:58,FALSE,,FALSE,60,60,18,10,0.6428571428571429,7,7,0.16666666666666663
365,2014,24,151,Oceanside Outrigger Canoe Club,women - spec,Women,Spec,Open,Oceanside Outrigger Canoe Club,Women - Spec,151,5:26:19,5:26:19,19579,5:26:19,0,0,19579,5:26:19,FALSE,,FALSE,60,60,18,10,0.6428571428571429,10,10,0.5555555555555556
366,2014,25,27,Imua Outrigger Canoe Club,co-ed - open,Co-Ed,Other,Open,Imua Outrigger Canoe Club X,Co-Ed - Open,27,5:09:38,5:09:38,18578,5:09:38,-1200,-20,17378,4:49:38,FALSE,,FALSE,60,60,18,10,0.6428571428571429,18,18,0.9411764705882353
367,2014,26,25,Kapoliokaehukai OCC,co-ed - open,Co-Ed,Other,Open,Kapoliokaehukai OCC,Co-Ed - Open,25,5:11:26,5:11:26,18686,5:11:26,-1200,-20,17486,4:51:26,FALSE,,FALSE,60,60,18,10,0.6428571428571429,18,18,0.8823529411764706
368,2014,27,158,Pale Kai Outrigger Canoe Club,co-ed - open,Co-Ed,Other,Open,Pale Kai Outrigger Canoe Club,Co-Ed - Open,158,5:12:50,5:12:50,18770,5:12:50,-1200,-20,17570,4:52:50,FALSE,,FALSE,60,60,18,10,0.6428571428571429,18,18,0.8235294117647058
369,2014,28,101,Oceanside Outrigger Canoe Club,women - senior masters,Women,Other,Senior Masters,Oceanside Outrigger Canoe Club,Women - Senior Masters,101,5:34:06,5:34:06,20046,5:34:06,0,0,20046,5:34:06,FALSE,,FALSE,60,60,18,10,0.6428571428571429,2,2,1
370,2014,29,310,Marina del Rey Outrigger Canoe Club,women - unlimited,Women,Unlimited,Open,Marina del Rey Outrigger Canoe Club,Women - Unlimited,310,5:34:19,5:34:19,20059,5:34:19,0,0,20059,5:34:19,FALSE,,FALSE,60,60,18,10,0.6428571428571429,11,11,0.09999999999999998
371,2014,30,33X,Hui Wa'a Outrigger Canoe Club,co-ed - open,Co-Ed,Other,Open,Hui Wa'a Outrigger Canoe Club,Co-Ed - Open,33X,5:18:19,5:18:19,19099,5:18:19,-1200,-20,17899,4:58:19,FALSE,,FALSE,60,60,18,10,0.6428571428571429,18,18,0.7647058823529411
372,2014,31,4,Dana Outrigger Canoe Club,women - bradley,Women,Other,Open,Dana Outrigger Canoe Club,Women - Bradley,4,5:40:02,5:40:02,20402,5:40:02,0,0,20402,5:40:02,FALSE,,FALSE,60,60,18,10,0.6428571428571429,7,7,0.6666666666666667
373,2014,32,58,Offshore Outrigger Canoe Club,co-ed - open unlimited,Co-Ed,Unlimited,Open,Offshore Outrigger Canoe Club X,Co-Ed - Open UL,58,5:20:36,5:20:36,19236,5:20:36,-1200,-20,18036,5:00:36,FALSE,,FALSE,60,60,18,10,0.6428571428571429,7,7,0
374,2014,33,88,Newport Aquatic Center (NAC),women - unlimited,Women,Unlimited,Open,Newport Aquatic Center (NAC),Women - Unlimited,88,5:40:37,5:40:37,20437,5:40:37,0,0,20437,5:40:37,FALSE,,FALSE,60,60,18,10,0.6428571428571429,11,11,0
375,2014,34,14,Dana Outrigger Canoe Club,women - senior masters,Women,Other,Senior Masters,Dana Outrigger Canoe Club,Women - Senior Masters,14,5:41:13,5:41:13,20473,5:41:13,0,0,20473,5:41:13,FALSE,,FALSE,60,60,18,10,0.6428571428571429,2,2,0
376,2014,35,81,Outrigger Santa Cruz,women - masters,Women,Other,Masters,Outrigger Santa Cruz,Women - Masters,81,5:41:31,5:41:31,20491,5:41:31,0,0,20491,5:41:31,FALSE,,FALSE,60,60,18,10,0.6428571428571429,3,3,1
377,2014,36,19,San Diego Outrigger Canoe Club,women - spec,Women,Spec,Open,San Diego Outrigger Canoe Club,Women - Spec,19,5:41:34,5:41:34,20494,5:41:34,0,0,20494,5:41:34,FALSE,,FALSE,60,60,18,10,0.6428571428571429,10,10,0.4444444444444444
378,2014,37,133,Marina del Rey Outrigger Canoe Club,women - bradley,Women,Other,Open,Marina del Rey Outrigger Canoe Club,Women - Bradley,133,5:42:45,5:42:45,20565,5:42:45,0,0,20565,5:42:45,FALSE,,FALSE,60,60,18,10,0.6428571428571429,7,7,0.5
379,2014,38,1,Dana Outrigger Canoe Club,women - 19 & under,Women,Other,19 & Under,Dana Outrigger Canoe Club,Women - 19 & Under,1,5:43:03,5:43:03,20583,5:43:03,0,0,20583,5:43:03,FALSE,,FALSE,60,60,18,10,0.6428571428571429,2,2,1
380,2014,39,94,Kahakai Outrigger Canoe Club,women - masters,Women,Other,Masters,Kahakai Outrigger Canoe Club,Women - Masters,94,5:43:46,5:43:46,20626,5:43:46,0,0,20626,5:43:46,FALSE,,FALSE,60,60,18,10,0.6428571428571429,3,3,0.5
381,2014,40,102,Na Leo O'Ke Kai,co-ed - open,Co-Ed,Other,Open,Na Leo O Ke Kai,Co-Ed - Open,102,5:29:16,5:29:16,19756,5:29:16,-1200,-20,18556,5:09:16,FALSE,,FALSE,60,60,18,10,0.6428571428571429,18,18,0.6470588235294117
382,2014,41,89,Hanohano Outrigger Canoe Club,women - bradley,Women,Other,Open,Hanohano Outrigger Canoe Club,Women - Bradley,89,5:50:42,5:50:42,21042,5:50:42,0,0,21042,5:50:42,FALSE,,FALSE,60,60,18,10,0.6428571428571429,7,7,0.33333333333333337
383,2014,42,105,Team Arizona Outrigger Canoe Club,co-ed - open,Co-Ed,Other,Open,Team Arizona Outrigger Canoe Club,Co-Ed - Open,105,5:33:15,5:33:15,19995,5:33:15,-1200,-20,18795,5:13:15,FALSE,,FALSE,60,60,18,10,0.6428571428571429,18,18,0.5882352941176471
384,2014,43,16,Imua Outrigger Canoe Club,co-ed - open,Co-Ed,Other,Open,Imua Outrigger Canoe Club,Co-Ed - Open,16,5:33:37,5:33:37,20017,5:33:37,-1200,-20,18817,5:13:37,FALSE,,FALSE,60,60,18,10,0.6428571428571429,18,18,0.5294117647058824
385,2014,44,117,Lanakila Outrigger Canoe Club,women - spec,Women,Spec,Open,Lanakila Outrigger Canoe Club,Women - Spec,117,5:54:07,5:54:07,21247,5:54:07,0,0,21247,5:54:07,FALSE,,FALSE,60,60,18,10,0.6428571428571429,10,10,0.33333333333333337
386,2014,45,28,Oceanside Outrigger Canoe Club,women - bradley,Women,Other,Open,Oceanside Outrigger Canoe Club,Women - Bradley,28,5:57:37,5:57:37,21457,5:57:37,0,0,21457,5:57:37,FALSE,,FALSE,60,60,18,10,0.6428571428571429,7,7,0.16666666666666663
387,2014,46,335,Newport Aquatic Center (NAC),co-ed - open,Co-Ed,Other,Open,Newport Aquatic Center (NAC),Co-Ed - Open,335,5:39:08,5:39:08,20348,5:39:08,-1200,-20,19148,5:19:08,FALSE,,FALSE,60,60,18,10,0.6428571428571429,18,18,0.47058823529411764
388,2014,47,155,Pale Kai Outrigger Canoe Club,co-ed - open,Co-Ed,Other,Open,Pale Kai Outrigger Canoe Club,Co-Ed - Open,155,5:39:30,5:39:30,20370,5:39:30,-1200,-20,19170,5:19:30,FALSE,,FALSE,60,60,18,10,0.6428571428571429,18,18,0.4117647058823529
389,2014,48,13,Dana Outrigger Canoe Club,co-ed - open,Co-Ed,Other,Open,Dana Outrigger Canoe Club,Co-Ed - Open,13,5:40:13,5:40:13,20413,5:40:13,-1200,-20,19213,5:20:13,FALSE,,FALSE,60,60,18,10,0.6428571428571429,18,18,0.3529411764705882
390,2014,49,300,Newport Aquatic Center (NAC),co-ed - open,Co-Ed,Other,Open,Newport Aquatic Center (NAC),Co-Ed - Open,300,5:44:30,5:44:30,20670,5:44:30,-1200,-20,19470,5:24:30,FALSE,,FALSE,60,60,18,10,0.6428571428571429,18,18,0.2941176470588235
391,2014,50,140,Santa Barbara Outrigger Canoe Club,co-ed - open,Co-Ed,Other,Open,Santa Barbara Outrigger Canoe Club,Co-Ed - Open,140,5:44:39,5:44:39,20679,5:44:39,-1200,-20,19479,5:24:39,FALSE,,TRUE,60,60,18,10,0.6428571428571429,18,18,0.23529411764705888
392,2014,51,132,Marina del Rey Outrigger Canoe Club,women - 19 & under,Women,Other,19 & Under,Marina del Rey Outrigger Canoe Club,Women - 19 & Under,132,6:06:54,6:06:54,22014,6:06:54,0,0,22014,6:06:54,FALSE,,FALSE,60,60,18,10,0.6428571428571429,2,2,0
393,2014,52,619,Kai Elua Outrigger Canoe Club,women - spec,Women,Spec,Open,Kai Elua Outrigger Canoe Club,Women - Spec,619,6:07:18,6:07:18,22038,6:07:18,0,0,22038,6:07:18,FALSE,,FALSE,60,60,18,10,0.6428571428571429,10,10,0.2222222222222222
394,2014,53,73,Ka Nai'a Outrigger Canoe Club,co-ed - open,Co-Ed,Other,Open,Ka Nai'a Outrigger Canoe Club,Co-Ed - Open,73,5:48:48,5:48:48,20928,5:48:48,-1200,-20,19728,5:28:48,FALSE,,FALSE,60,60,18,10,0.6428571428571429,18,18,0.17647058823529416
395,2014,54,152,Pale Kai Outrigger Canoe Club,co-ed - open,Co-Ed,Other,Open,Pale Kai Outrigger Canoe Club,Co-Ed - Open,152,5:51:12,5:51:12,21072,5:51:12,-1200,-20,19872,5:31:12,FALSE,,FALSE,60,60,18,10,0.6428571428571429,18,18,0.11764705882352944
396,2014,55,29,Nahoa Outrigger Canoe Club,co-ed - open,Co-Ed,Other,Open,Nahoa Outrigger Canoe Club,Co-Ed - Open,29,5:52:01,5:52:01,21121,5:52:01,-1200,-20,19921,5:32:01,FALSE,,FALSE,60,60,18,10,0.6428571428571429,18,18,0.05882352941176472
397,2014,56,134,Marina del Rey Outrigger Canoe Club,co-ed - open,Co-Ed,Other,Open,Marina del Rey Outrigger Canoe Club,Co-Ed - Open,134,5:52:03,5:52:03,21123,5:52:03,-1200,-20,19923,5:32:03,FALSE,,FALSE,60,60,18,10,0.6428571428571429,18,18,0
398,2014,57,15,Kahakai Outrigger Canoe Club,women - bradley,Women,Other,Open,Kahakai Outrigger Canoe Club,Women - Bradley,15,6:12:20,6:12:20,22340,6:12:20,0,0,22340,6:12:20,FALSE,,FALSE,60,60,18,10,0.6428571428571429,7,7,0
399,2014,58,556,Kapoliokaehukai OCC,women - spec,Women,Spec,Open,Kapoliokaehukai OCC,Women - Spec,556,6:13:50,6:13:50,22430,6:13:50,0,0,22430,6:13:50,FALSE,,FALSE,60,60,18,10,0.6428571428571429,10,10,0.11111111111111116
400,2014,59,303,Oceanside Outrigger Canoe Club,women - masters,Women,Other,Masters,Oceanside Outrigger Canoe Club,Women - Masters,303,6:18:13,6:18:13,22693,6:18:13,0,0,22693,6:18:13,FALSE,,FALSE,60,60,18,10,0.6428571428571429,3,3,0
401,2014,60,118,Lanakila Outrigger Canoe Club,women - spec,Women,Spec,Open,Lanakila Outrigger Canoe Club,Women - Spec,118,6:21:57,6:21:57,22917,6:21:57,0,0,22917,6:21:57,FALSE,,FALSE,60,60,18,10,0.6428571428571429,10,10,0
588,2015,1,0,Dana Outrigger Canoe Club,women - unlimited,Women,Unlimited,Open,Dana Outrigger Canoe Club,Women - Unlimited,0,3:46:12,3:46:12,13572,3:46:12,0,0,13572,3:46:12,FALSE,,FALSE,68,68,29,9,0.7631578947368421,19,19,1
589,2015,2,410,Lanakila Outrigger Canoe Club,women - unlimited,Women,Unlimited,Open,Lanakila Outrigger Canoe Club,Women - Unlimited,410,3:48:54,3:48:54,13734,3:48:54,0,0,13734,3:48:54,FALSE,,FALSE,68,68,29,9,0.7631578947368421,19,19,0.9444444444444444
590,2015,3,299,Hanohano Outrigger Canoe Club,women - unlimited,Women,Unlimited,Open,Hanohano Outrigger Canoe Club,Women - Unlimited,299,3:57:33,3:57:33,14253,3:57:33,0,0,14253,3:57:33,FALSE,,FALSE,68,68,29,9,0.7631578947368421,19,19,0.8888888888888888
591,2015,4,85,Newport Aquatic Center (NAC),women - unlimited,Women,Unlimited,Open,Newport Aquatic Center (NAC),Women - Unlimited,85,4:00:58,4:00:58,14458,4:00:58,0,0,14458,4:00:58,FALSE,,FALSE,68,68,29,9,0.7631578947368421,19,19,0.8333333333333334
592,2015,5,31UL,Hui Wa'a Outrigger Canoe Club,women - unlimited,Women,Unlimited,Open,Hui Wa'a Outrigger Canoe Club,Women - Unlimited,31UL,4:01:05,4:01:05,14465,4:01:05,0,0,14465,4:01:05,FALSE,,FALSE,68,68,29,9,0.7631578947368421,19,19,0.7777777777777778
593,2015,6,21,O Kalani Outrigger Canoe Club,women - unlimited,Women,Unlimited,Open,O Kalani Outrigger Canoe Club,Women - Unlimited,21,4:01:15,4:01:15,14475,4:01:15,0,0,14475,4:01:15,FALSE,,FALSE,68,68,29,9,0.7631578947368421,19,19,0.7222222222222222
594,2015,7,624,Santa Barbara Outrigger Canoe Club,women - unlimited,Women,Unlimited,Open,Santa Barbara Outrigger Canoe Club,Women - Unlimited,624,4:01:30,4:01:30,14490,4:01:30,0,0,14490,4:01:30,FALSE,,TRUE,68,68,29,9,0.7631578947368421,19,19,0.6666666666666667
595,2015,8,80,Marina del Rey Outrigger Canoe Club,women - unlimited,Women,Unlimited,Open,Marina del Rey Outrigger Canoe Club,Women - Unlimited,80,4:04:07,4:04:07,14647,4:04:07,0,0,14647,4:04:07,FALSE,,FALSE,68,68,29,9,0.7631578947368421,19,19,0.6111111111111112
596,2015,9,333,Newport Aquatic Center (NAC),women - masters unlimited,Women,Unlimited,Masters,Newport Aquatic Center (NAC),Women - Masters UL,333,4:05:07,4:05:07,14707,4:05:07,0,0,14707,4:05:07,FALSE,,FALSE,68,68,29,9,0.7631578947368421,3,3,1
597,2015,10,90,Kai Elua Outrigger Canoe Club,women - unlimited,Women,Unlimited,Open,Kai Elua Outrigger Canoe Club,Women - Unlimited,90,4:06:19,4:06:19,14779,4:06:19,0,0,14779,4:06:19,FALSE,,FALSE,68,68,29,9,0.7631578947368421,19,19,0.5555555555555556
598,2015,11,17,Dana Outrigger Canoe Club,women - masters unlimited,Women,Unlimited,Masters,Dana Outrigger Canoe Club,Women - Masters UL,17,4:06:32,4:06:32,14792,4:06:32,0,0,14792,4:06:32,FALSE,,FALSE,68,68,29,9,0.7631578947368421,3,3,0.5
599,2015,12,7,Imua Outrigger Canoe Club,women - unlimited,Women,Unlimited,Open,Imua Outrigger Canoe Club,Women - Unlimited,7,4:07:48,4:07:48,14868,4:07:48,0,0,14868,4:07:48,FALSE,,FALSE,68,68,29,9,0.7631578947368421,19,19,0.5
600,2015,13,707,Newport Aquatic Center (NAC),co-ed - open unlimited,Co-Ed,Unlimited,Open,Newport Aquatic Center (NAC),Co-Ed - Open UL,707,4:12:11,4:12:11,15131,4:12:11,0,0,15131,4:12:11,FALSE,,FALSE,68,68,29,9,0.7631578947368421,7,7,1
601,2015,14,310,Mololo Taco (LACO Lifeguards),co-ed - open unlimited,Co-Ed,Unlimited,Open,Mololo Taco (LACO Lifeguards),Co-Ed - Open UL,310,4:13:11,4:13:11,15191,4:13:11,0,0,15191,4:13:11,FALSE,,FALSE,68,68,29,9,0.7631578947368421,7,7,0.8333333333333334
602,2015,15,116,Lanakila Outrigger Canoe Club,women - spec,Women,Spec,Open,Lanakila Outrigger Canoe Club,Women - Spec,116,4:14:46,4:14:46,15286,4:14:46,0,0,15286,4:14:46,FALSE,,FALSE,68,68,29,9,0.7631578947368421,9,9,1
603,2015,16,981,Santa Barbara Outrigger Canoe Club,women - unlimited,Women,Unlimited,Open,Santa Barbara Outrigger Canoe Club,Women - Unlimited,981,4:14:59,4:14:59,15299,4:14:59,0,0,15299,4:14:59,FALSE,,TRUE,68,68,29,9,0.7631578947368421,19,19,0.4444444444444444
604,2015,17,563,Kahakai Outrigger Canoe Club,women - unlimited,Women,Unlimited,Open,Kahakai Outrigger Canoe Club,Women - Unlimited,563,4:15:31,4:15:31,15331,4:15:31,0,0,15331,4:15:31,FALSE,,FALSE,68,68,29,9,0.7631578947368421,19,19,0.38888888888888884
605,2015,18,25,Kai Elua Outrigger Canoe Club,co-ed - open,Co-Ed,Other,Open,Kai Elua,Co-Ed - Open,25,4:16:11,4:16:11,15371,4:16:11,0,0,15371,4:16:11,FALSE,,FALSE,68,68,29,9,0.7631578947368421,15,15,1
606,2015,19,20,Kilohana Outrigger Canoe Club,co-ed - open,Co-Ed,Other,Open,Kilohana Outrigger,Co-Ed - Open,20,4:18:30,4:18:30,15510,4:18:30,0,0,15510,4:18:30,FALSE,,FALSE,68,68,29,9,0.7631578947368421,15,15,0.9285714285714286
607,2015,20,27,Imua Outrigger Canoe Club,co-ed - open,Co-Ed,Other,Open,Imua Outrigger Canoe Club,Co-Ed - Open,27,4:20:48,4:20:48,15648,4:20:48,0,0,15648,4:20:48,FALSE,,FALSE,68,68,29,9,0.7631578947368421,15,15,0.8571428571428572
608,2015,21,131,Washington Canoe Club,women - spec,Women,Spec,Open,Washington Canoe Club,Women - Spec,131,4:24:43,4:24:43,15883,4:24:43,0,0,15883,4:24:43,FALSE,,FALSE,68,68,29,9,0.7631578947368421,9,9,0.875
609,2015,22,888,Marina del Rey Outrigger Canoe Club,women - unlimited,Women,Unlimited,Open,Marina del Rey Outrigger Canoe Club,Women - Unlimited,888,4:25:45,4:25:45,15945,4:25:45,0,0,15945,4:25:45,FALSE,,FALSE,68,68,29,9,0.7631578947368421,19,19,0.33333333333333337
610,2015,23,169,Hanohano Outrigger Canoe Club,women - spec,Women,Spec,Open,Hanohano Outrigger Canoe Club,Women - Spec,169,4:27:16,4:27:16,16036,4:27:16,0,0,16036,4:27:16,FALSE,,FALSE,68,68,29,9,0.7631578947368421,9,9,0.75
611,2015,24,2,Dana Outrigger Canoe Club,women - 19 & under,Women,Other,19 & Under,Dana Outrigger Canoe Club,Women - 19 & Under,2,4:28:12,4:28:12,16092,4:28:12,0,0,16092,4:28:12,FALSE,,FALSE,68,68,29,9,0.7631578947368421,2,2,1
612,2015,25,805,Newport Aquatic Center (NAC),co-ed - open unlimited,Co-Ed,Unlimited,Open,Newport Aquatic Center (NAC),Co-Ed - Open UL,805,4:29:03,4:29:03,16143,4:29:03,0,0,16143,4:29:03,FALSE,,FALSE,68,68,29,9,0.7631578947368421,7,7,0.6666666666666667
613,2015,26,404,Lanakila Outrigger Canoe Club,co-ed - open unlimited,Co-Ed,Unlimited,Open,Lanakila Outrigger Canoe Club,Co-Ed - Open UL,404,4:30:39,4:30:39,16239,4:30:39,0,0,16239,4:30:39,FALSE,,FALSE,68,68,29,9,0.7631578947368421,7,7,0.5
614,2015,27,6,False Creek Racing Canoe Club,women - spec,Women,Spec,Open,False Creek Racing Canoe Club,Women - Spec,6,4:30:53,4:30:53,16253,4:30:53,0,0,16253,4:30:53,FALSE,,FALSE,68,68,29,9,0.7631578947368421,9,9,0.625
615,2015,28,323,Oceanside Outrigger Canoe Club,women - unlimited,Women,Unlimited,Open,Oceanside Outrigger Canoe Club,Women - Unlimited,323,4:30:59,4:30:59,16259,4:30:59,0,0,16259,4:30:59,FALSE,,FALSE,68,68,29,9,0.7631578947368421,19,19,0.2777777777777778
616,2015,29,3,Dana Outrigger Canoe Club,women - masters unlimited,Women,Unlimited,Masters,Dana Outrigger Canoe Club,Women - Masters UL,3,4:31:58,4:31:58,16318,4:31:58,0,0,16318,4:31:58,FALSE,,FALSE,68,68,29,9,0.7631578947368421,3,3,0
617,2015,30,73,Hokuloa Outrigger Canoe Club,women - masters,Women,Other,Masters,Hokuloa Outrigger Canoe Club,Women - Masters,73,4:32:12,4:32:12,16332,4:32:12,0,0,16332,4:32:12,FALSE,,FALSE,68,68,29,9,0.7631578947368421,4,4,1
618,2015,31,104,Lanakila Outrigger Canoe Club,women - bradley,Women,Other,Open,Lanakila Outrigger Canoe Club,Women - Bradley,104,4:32:40,4:32:40,16360,4:32:40,0,0,16360,4:32:40,FALSE,,FALSE,68,68,29,9,0.7631578947368421,6,6,1
619,2015,32,134,New York Outrigger,co-ed - open,Co-Ed,Other,Open,New York Outrigger,Co-Ed - Open,134,4:33:39,4:33:39,16419,4:33:39,0,0,16419,4:33:39,FALSE,,FALSE,68,68,29,9,0.7631578947368421,15,15,0.7857142857142857
620,2015,33,133,Marina del Rey Outrigger Canoe Club,women - bradley,Women,Other,Open,Marina del Rey Outrigger Canoe Club,Women - Bradley,133,4:33:59,4:33:59,16439,4:33:59,0,0,16439,4:33:59,FALSE,,FALSE,68,68,29,9,0.7631578947368421,6,6,0.8
621,2015,34,19,Hookahi Puuwai Outrigger,co-ed - open,Co-Ed,Other,Open,Hookahi Puuwai Outrigger,Co-Ed - Open,19,4:34:58,4:34:58,16498,4:34:58,0,0,16498,4:34:58,FALSE,,FALSE,68,68,29,9,0.7631578947368421,15,15,0.7142857142857143
622,2015,35,81,TSCC Maka Koa,co-ed - open,Co-Ed,Other,Open,TSCC Maka Koa,Co-Ed - Open,81,4:35:40,4:35:40,16540,4:35:40,0,0,16540,4:35:40,FALSE,,FALSE,68,68,29,9,0.7631578947368421,15,15,0.6428571428571428
623,2015,36,215,Na Leo O'Ke Kai,co-ed - open unlimited,Co-Ed,Unlimited,Open,Na Leo O Ke Kai,Co-Ed - Open UL,215,4:35:58,4:35:58,16558,4:35:58,0,0,16558,4:35:58,FALSE,,FALSE,68,68,29,9,0.7631578947368421,7,7,0.33333333333333337
624,2015,37,808,Santa Barbara Outrigger Canoe Club,co-ed - open unlimited,Co-Ed,Unlimited,Open,Santa Barbara Outrigger Canoe Club,Co-Ed - Open UL,808,4:36:25,4:36:25,16585,4:36:25,0,0,16585,4:36:25,FALSE,,TRUE,68,68,29,9,0.7631578947368421,7,7,0.16666666666666663
625,2015,38,303,Pale Kai Outrigger Canoe Club,co-ed - open,Co-Ed,Other,Open,Pale Kai Outrigger Canoe Club,Co-Ed - Open,303,4:36:31,4:36:31,16591,4:36:31,0,0,16591,4:36:31,FALSE,,FALSE,68,68,29,9,0.7631578947368421,15,15,0.5714285714285714
626,2015,39,219,Ocean River Paddling Club,co-ed - open,Co-Ed,Other,Open,Ocean River Paddling Club,Co-Ed - Open,219,4:36:35,4:36:35,16595,4:36:35,0,0,16595,4:36:35,FALSE,,FALSE,68,68,29,9,0.7631578947368421,15,15,0.5
627,2015,40,115,Ka Nai'a Outrigger Canoe Club,women - bradley,Women,Other,Open,Ka Nai'a Outrigger Canoe Club,Women - Bradley,115,4:36:56,4:36:56,16616,4:36:56,0,0,16616,4:36:56,FALSE,,FALSE,68,68,29,9,0.7631578947368421,6,6,0.6
628,2015,41,199,Hanohano Outrigger Canoe Club,women - unlimited,Women,Unlimited,Open,Hanohano Outrigger Canoe Club,Women - Unlimited,199,4:37:08,4:37:08,16628,4:37:08,0,0,16628,4:37:08,FALSE,,FALSE,68,68,29,9,0.7631578947368421,19,19,0.2222222222222222
629,2015,42,132,Marina del Rey Outrigger Canoe Club,women - spec,Women,Spec,Open,Marina del Rey Outrigger Canoe Club,Women - Spec,132,4:37:29,4:37:29,16649,4:37:29,0,0,16649,4:37:29,FALSE,,FALSE,68,68,29,9,0.7631578947368421,9,9,0.5
630,2015,43,13,Dana Outrigger Canoe Club,women - senior masters,Women,Other,Senior Masters,Dana Outrigger Canoe Club,Women - Senior Masters,13,4:38:29,4:38:29,16709,4:38:29,0,0,16709,4:38:29,FALSE,,FALSE,68,68,29,9,0.7631578947368421,3,3,1
631,2015,44,22,San Diego Outrigger Canoe Club,women - spec,Women,Spec,Open,San Diego Outrigger Canoe Club,Women - Spec,22,4:40:36,4:40:36,16836,4:40:36,0,0,16836,4:40:36,FALSE,,FALSE,68,68,29,9,0.7631578947368421,9,9,0.375
632,2015,45,424,Kai Elua Outrigger Canoe Club,women - unlimited,Women,Unlimited,Open,Kai Elua Outrigger Canoe Club,Women - Unlimited,424,4:42:27,4:42:27,16947,4:42:27,0,0,16947,4:42:27,FALSE,,FALSE,68,68,29,9,0.7631578947368421,19,19,0.16666666666666663
633,2015,46,108X,Pu Pu O Hawaii OCC,women - unlimited,Women,Unlimited,Open,Pu Pu O Hawaii OCC,Women - Unlimited,108X,4:43:10,4:43:10,16990,4:43:10,0,0,16990,4:43:10,FALSE,,FALSE,68,68,29,9,0.7631578947368421,19,19,0.11111111111111116
634,2015,47,94,San Francisco Outrigger Canoe Club,women - spec,Women,Spec,Open,San Francisco Outrigger Canoe Club,Women - Spec,94,4:43:51,4:43:51,17031,4:43:51,0,0,17031,4:43:51,FALSE,,FALSE,68,68,29,9,0.7631578947368421,9,9,0.25
635,2015,48,117,Lanakila Outrigger Canoe Club,women - spec,Women,Spec,Open,Lanakila Outrigger Canoe Club,Women - Spec,117,4:45:50,4:45:50,17150,4:45:50,0,0,17150,4:45:50,FALSE,,FALSE,68,68,29,9,0.7631578947368421,9,9,0.125
636,2015,49,409,Lanakila Outrigger Canoe Club,women - unlimited,Women,Unlimited,Open,Lanakila Outrigger Canoe Club,Women - Unlimited,409,4:46:01,4:46:01,17161,4:46:01,0,0,17161,4:46:01,FALSE,,FALSE,68,68,29,9,0.7631578947368421,19,19,0.05555555555555558
637,2015,50,619,Kai Elua Outrigger Canoe Club,women - masters,Women,Other,Masters,Kai Elua Outrigger Canoe Club,Women - Masters,619,4:46:46,4:46:46,17206,4:46:46,0,0,17206,4:46:46,FALSE,,FALSE,68,68,29,9,0.7631578947368421,4,4,0.6666666666666667
638,2015,51,10,Dana Outrigger Canoe Club,women - masters,Women,Other,Masters,Dana Outrigger Canoe Club,Women - Masters,10,4:47:02,4:47:02,17222,4:47:02,0,0,17222,4:47:02,FALSE,,FALSE,68,68,29,9,0.7631578947368421,4,4,0.33333333333333337
639,2015,52,88,Newport Aquatic Center (NAC),co-ed - open unlimited,Co-Ed,Unlimited,Open,Newport Aquatic Center (NAC),Co-Ed - Open UL,88,4:50:07,4:50:07,17407,4:50:07,0,0,17407,4:50:07,FALSE,,FALSE,68,68,29,9,0.7631578947368421,7,7,0
640,2015,53,179,Hanohano Outrigger Canoe Club,women - senior masters,Women,Other,Senior Masters,Hanohano Outrigger Canoe Club,Women - Senior Masters,179,4:50:48,4:50:48,17448,4:50:48,0,0,17448,4:50:48,FALSE,,FALSE,68,68,29,9,0.7631578947368421,3,3,0.5
641,2015,54,5,Dana Outrigger Canoe Club,women - bradley,Women,Other,Open,Dana Outrigger Canoe Club,Women - Bradley,5,4:51:38,4:51:38,17498,4:51:38,0,0,17498,4:51:38,FALSE,,FALSE,68,68,29,9,0.7631578947368421,6,6,0.4
642,2015,55,365,Kahakai Outrigger Canoe Club,women - spec,Women,Spec,Open,Kahakai Outrigger Canoe Club,Women - Spec,365,4:52:28,4:52:28,17548,4:52:28,0,0,17548,4:52:28,FALSE,,FALSE,68,68,29,9,0.7631578947368421,9,9,0
643,2015,56,777,Lokahi Outrigger Canoe Club,co-ed - open,Co-Ed,Other,Open,Lokahi Outrigger Canoe Club,Co-Ed - Open,777,4:52:51,4:52:51,17571,4:52:51,0,0,17571,4:52:51,FALSE,,FALSE,68,68,29,9,0.7631578947368421,15,15,0.3571428571428571
644,2015,57,181,Team Arizona Outrigger Canoe Club,co-ed - open,Co-Ed,Other,Open,Team Arizona Outrigger Canoe Club,Co-Ed - Open,181,4:53:00,4:53:00,17580,4:53:00,0,0,17580,4:53:00,FALSE,,FALSE,68,68,29,9,0.7631578947368421,15,15,0.2857142857142857
645,2015,58,42,Offshore Outrigger Canoe Club,co-ed - open,Co-Ed,Other,Open,Offshore Outrigger Canoe Club,Co-Ed - Open,42,4:52:32,4:52:32,17552,4:52:32,0,0,17552,4:52:32,FALSE,,FALSE,68,68,29,9,0.7631578947368421,15,15,0.4285714285714286
646,2015,59,562,Kahakai Outrigger Canoe Club,women - unlimited,Women,Unlimited,Open,Kahakai Outrigger Canoe Club,Women - Unlimited,562,4:53:44,4:53:44,17624,4:53:44,0,0,17624,4:53:44,FALSE,,FALSE,68,68,29,9,0.7631578947368421,19,19,0
647,2015,60,300,Newport Aquatic Center (NAC),women - masters,Women,Other,Masters,Newport Aquatic Center (NAC),Women - Masters,300,4:54:02,4:54:02,17642,4:54:02,0,0,17642,4:54:02,FALSE,,FALSE,68,68,29,9,0.7631578947368421,4,4,0
648,2015,61,16,Nahoa Outrigger Canoe Club,co-ed - open,Co-Ed,Other,Open,Nahoa Outrigger Canoe Club,Co-Ed - Open,16,4:55:57,4:55:57,17757,4:55:57,0,0,17757,4:55:57,FALSE,,FALSE,68,68,29,9,0.7631578947368421,15,15,0.2142857142857143
649,2015,62,313,Na Wahine Opio o Kaleponi,women - 19 & under,Women,Other,19 & Under,Na Wahine Opio o Kaleponi,Women - 19 & Under,313,4:58:20,4:58:20,17900,4:58:20,0,0,17900,4:58:20,FALSE,,FALSE,68,68,29,9,0.7631578947368421,2,2,0
650,2015,63,334,Newport Aquatic Center (NAC),co-ed - open,Co-Ed,Other,Open,Newport Aquatic Center (NAC),Co-Ed - Open,334,5:01:56,5:01:56,18116,5:01:56,0,0,18116,5:01:56,FALSE,,FALSE,68,68,29,9,0.7631578947368421,15,15,0.1428571428571429
651,2015,64,31,Ohana Wa'a,women - senior masters,Women,Other,Senior Masters,Ohana Wa'a,Women - Senior Masters,31,5:03:22,5:03:22,18202,5:03:22,0,0,18202,5:03:22,FALSE,,FALSE,68,68,29,9,0.7631578947368421,3,3,0
652,2015,65,335,Newport Aquatic Center (NAC),co-ed - open,Co-Ed,Other,Open,Newport Aquatic Center (NAC),Co-Ed - Open,335,5:07:55,5:07:55,18475,5:07:55,0,0,18475,5:07:55,FALSE,,FALSE,68,68,29,9,0.7631578947368421,15,15,0.0714285714285714
653,2015,66,29,Imua Outrigger Canoe Club,women - bradley,Women,Other,Open,Imua Outrigger Canoe Club,Women - Bradley,29,5:09:10,5:09:10,18550,5:09:10,0,0,18550,5:09:10,FALSE,,FALSE,68,68,29,9,0.7631578947368421,6,6,0.19999999999999996
654,2015,67,18,San Diego Outrigger Canoe Club,women - bradley,Women,Other,Open,San Diego Outrigger Canoe Club,Women - Bradley,18,5:14:11,5:14:11,18851,5:14:11,0,0,18851,5:14:11,FALSE,,FALSE,68,68,29,9,0.7631578947368421,6,6,0
655,2015,68,201,Newport Aquatic Center (NAC),co-ed - open,Co-Ed,Other,Open,Newport Aquatic Center (NAC),Co-Ed - Open,201,5:27:42,5:27:42,19662,5:27:42,0,0,19662,5:27:42,FALSE,,FALSE,68,68,29,9,0.7631578947368421,15,15,0
656,2016,1,624,Santa Barbara Outrigger Canoe Club,co-ed - open unlimited,Co-Ed,Unlimited,Open,Santa Barbara Outrigger Canoe Club,Co-Ed - Open UL,624,4:35:54,4:35:54,16554,4:35:54,0,0,16554,4:35:54,FALSE,,TRUE,75,75,38,14,0.7307692307692307,14,14,1
657,2016,2,23,Dana Outrigger Canoe Club,women - unlimited,Women,Unlimited,Open,Dana Outrigger Canoe Club,Women - Unlimited,23,4:38:57,4:38:57,16737,4:38:57,0,0,16737,4:38:57,FALSE,,FALSE,75,75,38,14,0.7307692307692307,20,20,1
658,2016,3,410,Lanakila Outrigger Canoe Club,women - unlimited,Women,Unlimited,Open,Lanakila Outrigger Canoe Club,Women - Unlimited,410,4:42:18,4:42:18,16938,4:42:18,0,0,16938,4:42:18,FALSE,,FALSE,75,75,38,14,0.7307692307692307,20,20,0.9473684210526316
659,2016,4,6,Outrigger Team California,co-ed - open unlimited,Co-Ed,Unlimited,Open,Outrigger Team California,Co-Ed - Open UL,6,4:46:09,4:46:09,17169,4:46:09,0,0,17169,4:46:09,FALSE,,FALSE,75,75,38,14,0.7307692307692307,14,14,0.9230769230769231
660,2016,5,96,False Creek Racing Canoe Club,co-ed - open unlimited,Co-Ed,Unlimited,Open,False Creek Racing Canoe Club,Co-Ed - Open UL,96,4:47:54,4:47:54,17274,4:47:54,0,0,17274,4:47:54,FALSE,,FALSE,75,75,38,14,0.7307692307692307,14,14,0.8461538461538461
661,2016,6,0,Hui Nalu,women - unlimited,Women,Unlimited,Open,Hui Nalu,Women - Unlimited,0,4:49:17,4:49:17,17357,4:49:17,0,0,17357,4:49:17,FALSE,,FALSE,75,75,38,14,0.7307692307692307,20,20,0.8947368421052632
662,2016,7,31U,Hui Va'a,women - unlimited,Women,Unlimited,Open,Hui Va'a,Women - Unlimited,31U,4:58:22,4:58:22,17902,4:58:22,0,0,17902,4:58:22,FALSE,,FALSE,75,75,38,14,0.7307692307692307,20,20,0.8421052631578947
663,2016,8,399,Hanohano Outrigger Canoe Club,women - unlimited,Women,Unlimited,Open,Hanohano Outrigger Canoe Club,Women - Unlimited,399,5:01:09,5:01:09,18069,5:01:09,0,0,18069,5:01:09,FALSE,,FALSE,75,75,38,14,0.7307692307692307,20,20,0.7894736842105263
664,2016,9,805,Newport Aquatic Center (NAC),co-ed - open unlimited,Co-Ed,Unlimited,Open,Newport Aquatic Center (NAC),Co-Ed - Open UL,805,5:01:30,5:01:30,18090,5:01:30,0,0,18090,5:01:30,FALSE,,FALSE,75,75,38,14,0.7307692307692307,14,14,0.7692307692307692
665,2016,10,126,Marina del Rey Outrigger Canoe Club,women - unlimited,Women,Unlimited,Open,Marina del Rey Outrigger Canoe Club,Women - Unlimited,126,5:03:38,5:03:38,18218,5:03:38,0,0,18218,5:03:38,FALSE,,FALSE,75,75,38,14,0.7307692307692307,20,20,0.736842105263158
666,2016,11,981,Santa Barbara Outrigger Canoe Club,co-ed - open unlimited,Co-Ed,Unlimited,Open,Santa Barbara Outrigger Canoe Club,Co-Ed - Open UL,981,5:05:30,5:05:30,18330,5:05:30,0,0,18330,5:05:30,FALSE,,TRUE,75,75,38,14,0.7307692307692307,14,14,0.6923076923076923
667,2016,12,131,Washington Canoe Club,co-ed - open,Co-Ed,Other,Open,Washington Canoe Club,Co-Ed - Open,131,5:07:21,5:07:21,18441,5:07:21,0,0,18441,5:07:21,FALSE,,FALSE,75,75,38,14,0.7307692307692307,11,11,1
668,2016,13,411,Lanakila Outrigger Canoe Club,women - unlimited,Women,Unlimited,Open,Lanakila Outrigger Canoe Club,Women - Unlimited,411,5:07:36,5:07:36,18456,5:07:36,0,0,18456,5:07:36,FALSE,,FALSE,75,75,38,14,0.7307692307692307,20,20,0.6842105263157895
669,2016,14,88,Newport Aquatic Center (NAC),women - masters unlimited,Women,Unlimited,Masters,Newport Aquatic Center (NAC),Women - Masters UL,88,5:08:37,5:08:37,18517,5:08:37,0,0,18517,5:08:37,FALSE,,FALSE,75,75,38,14,0.7307692307692307,4,4,1
670,2016,15,564,Kahakai Outrigger Canoe Club,women - unlimited,Women,Unlimited,Open,Kahakai Outrigger Canoe Club,Women - Unlimited,564,5:15:09,5:15:09,18909,5:15:09,0,0,18909,5:15:09,FALSE,,FALSE,75,75,38,14,0.7307692307692307,20,20,0.631578947368421
671,2016,16,21,O Kalani Outrigger Canoe Club,women - unlimited,Women,Unlimited,Open,O Kalani Outrigger Canoe Club,Women - Unlimited,21,5:15:55,5:15:55,18955,5:15:55,0,0,18955,5:15:55,FALSE,,FALSE,75,75,38,14,0.7307692307692307,20,20,0.5789473684210527
672,2016,17,215,Newport Outrigger Canoe Club,co-ed - open unlimited,Co-Ed,Unlimited,Open,Newport Outrigger Canoe Club,Co-Ed - Open UL,215,5:15:53,5:15:53,18953,5:15:53,0,0,18953,5:15:53,FALSE,,FALSE,75,75,38,14,0.7307692307692307,14,14,0.6153846153846154
673,2016,18,931,Hokuloa Outrigger Canoe Club,women - masters unlimited,Women,Unlimited,Masters,Hokuloa Outrigger Canoe Club,Women - Masters UL,931,5:18:22,5:18:22,19102,5:18:22,0,0,19102,5:18:22,FALSE,,FALSE,75,75,38,14,0.7307692307692307,4,4,0.6666666666666667
674,2016,19,80,Newport Aquatic Center (NAC),women - unlimited,Women,Unlimited,Open,Newport Aquatic Center (NAC),Women - Unlimited,80,5:19:59,5:19:59,19199,5:19:59,0,0,19199,5:19:59,FALSE,,FALSE,75,75,38,14,0.7307692307692307,20,20,0.5263157894736843
675,2016,20,701,Newport Outrigger Canoe Club,co-ed - open unlimited,Co-Ed,Unlimited,Open,Newport Outrigger Canoe Club,Co-Ed - Open UL,701,5:20:53,5:20:53,19253,5:20:53,0,0,19253,5:20:53,FALSE,,FALSE,75,75,38,14,0.7307692307692307,14,14,0.5384615384615384
676,2016,21,888,Imua Outrigger Canoe Club,co-ed - open unlimited,Co-Ed,Unlimited,Open,Imua Outrigger Canoe Club,Co-Ed - Open UL,888,5:22:05,5:22:05,19325,5:22:05,0,0,19325,5:22:05,FALSE,,FALSE,75,75,38,14,0.7307692307692307,14,14,0.46153846153846156
677,2016,22,27,Imua Outrigger Canoe Club,co-ed - open,Co-Ed,Other,Open,Imua Outrigger Canoe Club,Co-Ed - Open,27,5:23:13,5:23:13,19393,5:23:13,0,0,19393,5:23:13,FALSE,,FALSE,75,75,38,14,0.7307692307692307,11,11,0.9
678,2016,23,17,Dana Outrigger Canoe Club,women - unlimited,Women,Unlimited,Open,Dana Outrigger Canoe Club,Women - Unlimited,17,5:26:17,5:26:17,19577,5:26:17,0,0,19577,5:26:17,FALSE,,FALSE,75,75,38,14,0.7307692307692307,20,20,0.4736842105263158
679,2016,24,707,Newport Aquatic Center (NAC),co-ed - open unlimited,Co-Ed,Unlimited,Open,Newport Aquatic Center (NAC),Co-Ed - Open UL,707,5:24:39,5:24:39,19479,5:24:39,0,0,19479,5:24:39,FALSE,,FALSE,75,75,38,14,0.7307692307692307,14,14,0.3846153846153846
680,2016,25,140,Santa Barbara Outrigger Canoe Club,co-ed - open,Co-Ed,Other,Open,Santa Barbara Outrigger Canoe Club,Co-Ed - Open,140,5:27:20,5:27:20,19640,5:27:20,0,0,19640,5:27:20,FALSE,,TRUE,75,75,38,14,0.7307692307692307,11,11,0.8
681,2016,26,424,Kai Elua Outrigger Canoe Club,co-ed - open unlimited,Co-Ed,Unlimited,Open,Kai Elua Outrigger Canoe Club,Co-Ed - Open UL,424,5:30:15,5:30:15,19815,5:30:15,0,0,19815,5:30:15,FALSE,,FALSE,75,75,38,14,0.7307692307692307,14,14,0.3076923076923077
682,2016,27,91,Kai Elua Outrigger Canoe Club,women - unlimited,Women,Unlimited,Open,Kai Elua Outrigger Canoe Club,Women - Unlimited,91,5:30:24,5:30:24,19824,5:30:24,0,0,19824,5:30:24,FALSE,,FALSE,75,75,38,14,0.7307692307692307,20,20,0.42105263157894735
683,2016,28,7,Imua Outrigger Canoe Club,women - masters unlimited,Women,Unlimited,Masters,Imua Outrigger Canoe Club,Women - Masters UL,7,5:33:49,5:33:49,20029,5:33:49,0,0,20029,5:33:49,FALSE,,FALSE,75,75,38,14,0.7307692307692307,4,4,0.33333333333333337
684,2016,29,334,Fairway Gorge Paddling Club,women - spec,Women,Spec,Open,Fairway Gorge Paddling Club,Women - Spec,334,5:34:33,5:34:33,20073,5:34:33,0,0,20073,5:34:33,FALSE,,FALSE,75,75,38,14,0.7307692307692307,14,14,1
685,2016,30,121X,San Francisco Outrigger Canoe Club,women - unlimited,Women,Unlimited,Open,San Francisco Outrigger Canoe Club,Women - Unlimited,121X,5:35:33,5:35:33,20133,5:35:33,0,0,20133,5:35:33,FALSE,,FALSE,75,75,38,14,0.7307692307692307,20,20,0.368421052631579
686,2016,31,333,Newport Aquatic Center (NAC),co-ed - open unlimited,Co-Ed,Unlimited,Open,Newport Aquatic Center (NAC),Co-Ed - Open UL,333,5:36:40,5:36:40,20200,5:36:40,0,0,20200,5:36:40,FALSE,,FALSE,75,75,38,14,0.7307692307692307,14,14,0.23076923076923073
687,2016,32,73,Hokuloa Outrigger Canoe Club,co-ed - open,Co-Ed,Other,Open,Hokuloa Outrigger Canoe Club,Co-Ed - Open,73,5:37:33,5:37:33,20253,5:37:33,0,0,20253,5:37:33,FALSE,,FALSE,75,75,38,14,0.7307692307692307,11,11,0.7
688,2016,33,25,Washington Canoe Club,women - spec,Women,Spec,Open,Washington Canoe Club,Women - Spec,25,5:38:34,5:38:34,20314,5:38:34,0,0,20314,5:38:34,FALSE,,FALSE,75,75,38,14,0.7307692307692307,14,14,0.9230769230769231
689,2016,34,408,Ke Aloha Outrigger,co-ed - open,Co-Ed,Other,Open,Ke Aloha Outrigger,Co-Ed - Open,408,5:40:44,5:40:44,20444,5:40:44,0,0,20444,5:40:44,FALSE,,FALSE,75,75,38,14,0.7307692307692307,11,11,0.6
690,2016,35,320,Oceanside Outrigger Canoe Club,women - unlimited,Women,Unlimited,Open,Oceanside,Women - Unlimited,320,5:42:45,5:42:45,20565,5:42:45,0,0,20565,5:42:45,FALSE,,FALSE,75,75,38,14,0.7307692307692307,20,20,0.3157894736842105
691,2016,36,85,Dana Outrigger Canoe Club,women - 19 & under,Women,Other,19 & Under,Dana,Women - 19 & Under,85,5:45:04,5:45:04,20704,5:45:04,0,0,20704,5:45:04,FALSE,,FALSE,75,75,38,14,0.7307692307692307,2,2,1
692,2016,37,144,San Diego Outrigger Canoe Club,women - unlimited,Women,Unlimited,Open,San Diego Outrigger Canoe Club,Women - Unlimited,144,5:45:23,5:45:23,20723,5:45:23,0,0,20723,5:45:23,FALSE,,FALSE,75,75,38,14,0.7307692307692307,20,20,0.26315789473684215
693,2016,38,808,Santa Barbara Outrigger Canoe Club,co-ed - open unlimited,Co-Ed,Unlimited,Open,Santa Barbara Outrigger Canoe Club,Co-Ed - Open UL,808,5:48:58,5:48:58,20938,5:48:58,0,0,20938,5:48:58,FALSE,,TRUE,75,75,38,14,0.7307692307692307,14,14,0.15384615384615385
694,2016,39,116,Lanakila Outrigger Canoe Club,women - spec,Women,Spec,Open,Lanakila Outrigger Canoe Club,Women - Spec,116,5:49:36,5:49:36,20976,5:49:36,0,0,20976,5:49:36,FALSE,,FALSE,75,75,38,14,0.7307692307692307,14,14,0.8461538461538461
695,2016,40,169,Hanohano Outrigger Canoe Club,women - spec,Women,Spec,Open,Hanohano Outrigger Canoe Club,Women - Spec,169,5:50:44,5:50:44,21044,5:50:44,0,0,21044,5:50:44,FALSE,,FALSE,75,75,38,14,0.7307692307692307,14,14,0.7692307692307692
696,2016,41,29,Nahoa Outrigger Canoe Club,co-ed - open,Co-Ed,Other,Open,Nahoa Outrigger Canoe Club,Co-Ed - Open,29,5:52:22,5:52:22,21142,5:52:22,0,0,21142,5:52:22,FALSE,,FALSE,75,75,38,14,0.7307692307692307,11,11,0.5
697,2016,42,2,Dana Outrigger Canoe Club,women - masters unlimited,Women,Unlimited,Masters,Dana Outrigger Canoe Club,Women - Masters UL,2,5:54:28,5:54:28,21268,5:54:28,0,0,21268,5:54:28,FALSE,,FALSE,75,75,38,14,0.7307692307692307,4,4,0
698,2016,43,310,Kini Wahines (Lifeguards),women - unlimited,Women,Unlimited,Open,Kini Wahines (Lifeguards),Women - Unlimited,310,5:57:37,5:57:37,21457,5:57:37,0,0,21457,5:57:37,FALSE,,FALSE,75,75,38,14,0.7307692307692307,20,20,0.21052631578947367
699,2016,44,300,Kihei Canoe Club,women - spec,Women,Spec,Open,Kihei Canoe Club,Women - Spec,300,5:58:16,5:58:16,21496,5:58:16,0,0,21496,5:58:16,FALSE,,FALSE,75,75,38,14,0.7307692307692307,14,14,0.6923076923076923
700,2016,45,151,Oceanside Outrigger Canoe Club,co-ed - open,Co-Ed,Other,Open,Oceanside Outrigger Canoe Club,Co-Ed - Open,151,5:59:21,5:59:21,21561,5:59:21,0,0,21561,5:59:21,FALSE,,FALSE,75,75,38,14,0.7307692307692307,11,11,0.4
701,2016,46,335,New York Outrigger,co-ed - open,Co-Ed,Other,Open,New York Outrigger,Co-Ed - Open,335,5:59:43,5:59:43,21583,5:59:43,0,0,21583,5:59:43,FALSE,,FALSE,75,75,38,14,0.7307692307692307,11,11,0.30000000000000004
702,2016,47,90,Kai Elua Outrigger Canoe Club,women - unlimited,Women,Unlimited,Open,Kai Elua Outrigger Canoe Club,Women - Unlimited,90,6:00:14,6:00:14,21614,6:00:14,0,0,21614,6:00:14,FALSE,,FALSE,75,75,38,14,0.7307692307692307,20,20,0.1578947368421053
703,2016,48,158,Pale Kai Outrigger Canoe Club,women - spec,Women,Spec,Open,Pale Kai Outrigger Canoe Club,Women - Spec,158,6:02:30,6:02:30,21750,6:02:30,0,0,21750,6:02:30,FALSE,,FALSE,75,75,38,14,0.7307692307692307,14,14,0.6153846153846154
704,2016,49,409,Lanakila Outrigger Canoe Club,women - 19 & under,Women,Other,19 & Under,Lanakila Outrigger Canoe Club,Women - 19 & Under,409,6:03:24,6:03:24,21804,6:03:24,0,0,21804,6:03:24,FALSE,,FALSE,75,75,38,14,0.7307692307692307,2,2,0
705,2016,50,4,Dana Outrigger Canoe Club,women - bradley,Women,Other,Open,Dana Outrigger Canoe Club,Women - Bradley,4,6:04:02,6:04:02,21842,6:04:02,0,0,21842,6:04:02,FALSE,,FALSE,75,75,38,14,0.7307692307692307,5,5,1
706,2016,51,562,Lanakila Outrigger Canoe Club,co-ed - open unlimited,Co-Ed,Unlimited,Open,Lanakila Outrigger Canoe Club,Co-Ed - Open UL,562,6:04:33,6:04:33,21873,6:04:33,0,0,21873,6:04:33,FALSE,,FALSE,75,75,38,14,0.7307692307692307,14,14,0.07692307692307687
707,2016,52,404,Lanakila Outrigger Canoe Club,women - unlimited,Women,Unlimited,Open,Lanakila Outrigger Canoe Club,Women - Unlimited,404,6:04:59,6:04:59,21899,6:04:59,0,0,21899,6:04:59,FALSE,,FALSE,75,75,38,14,0.7307692307692307,20,20,0.10526315789473684
708,2016,53,89,Hanohano Outrigger Canoe Club,women - bradley,Women,Other,Open,Hanohano Outrigger Canoe Club,Women - Bradley,89,6:05:15,6:05:15,21915,6:05:15,0,0,21915,6:05:15,FALSE,,FALSE,75,75,38,14,0.7307692307692307,5,5,0.75
709,2016,54,50,He'e Nalu,women - spec,Women,Spec,Open,Hee Nalu Occ,Women - Spec,50,6:06:57,6:06:57,22017,6:06:57,0,0,22017,6:06:57,FALSE,,FALSE,75,75,38,14,0.7307692307692307,14,14,0.5384615384615384
710,2016,55,13,Dana Outrigger Canoe Club,women - senior masters,Women,Other,Senior Masters,Dana Outrigger Canoe Club,Women - Senior Masters,13,6:07:32,6:07:32,22052,6:07:32,0,0,22052,6:07:32,FALSE,,FALSE,75,75,38,14,0.7307692307692307,3,3,1
711,2016,56,22,Le Vasa Outrigger Canoe Club,women - spec,Women,Spec,Open,Le Vasa Outrigger Canoe Club,Women - Spec,22,6:08:41,6:08:41,22121,6:08:41,0,0,22121,6:08:41,FALSE,,FALSE,75,75,38,14,0.7307692307692307,14,14,0.46153846153846156
712,2016,57,19,Comox,women - spec,Women,Spec,Open,Comox,Women - Spec,19,6:09:36,6:09:36,22176,6:09:36,0,0,22176,6:09:36,FALSE,,FALSE,75,75,38,14,0.7307692307692307,14,14,0.3846153846153846
713,2016,58,299,Hanohano Outrigger Canoe Club,women - unlimited,Women,Unlimited,Open,Hanohano Outrigger Canoe Club,Women - Unlimited,299,6:11:03,6:11:03,22263,6:11:03,0,0,22263,6:11:03,FALSE,,FALSE,75,75,38,14,0.7307692307692307,20,20,0.052631578947368474
714,2016,59,104,Lanakila Outrigger Canoe Club,women - bradley,Women,Other,Open,Lanakila Outrigger Canoe Club,Women - Bradley,104,6:12:16,6:12:16,22336,6:12:16,0,0,22336,6:12:16,FALSE,,FALSE,75,75,38,14,0.7307692307692307,5,5,0.5
715,2016,60,365,Kahakai Outrigger Canoe Club,women - spec,Women,Spec,Open,Kahakai Outrigger Canoe Club,Women - Spec,365,6:13:01,6:13:01,22381,6:13:01,0,0,22381,6:13:01,FALSE,,FALSE,75,75,38,14,0.7307692307692307,14,14,0.3076923076923077
716,2016,61,219,Kawaiulu O Tahoe,co-ed - open,Co-Ed,Other,Open,Kawaiulu O Tahoe,Co-Ed - Open,219,6:13:18,6:13:18,22398,6:13:18,0,0,22398,6:13:18,FALSE,,FALSE,75,75,38,14,0.7307692307692307,11,11,0.19999999999999996
717,2016,62,405,Lanakila Outrigger Canoe Club,co-ed - open unlimited,Co-Ed,Unlimited,Open,Lanakila Outrigger Canoe Club,Co-Ed - Open UL,405,6:16:20,6:16:20,22580,6:16:20,0,0,22580,6:16:20,FALSE,,FALSE,75,75,38,14,0.7307692307692307,14,14,0
718,2016,63,115,Ka Nai'a Outrigger Canoe Club,women - bradley,Women,Other,Open,Ka Nai a Outrigger Canoe Club,Women - Bradley,115,6:16:53,6:16:53,22613,6:16:53,0,0,22613,6:16:53,FALSE,,FALSE,75,75,38,14,0.7307692307692307,5,5,0.25
719,2016,64,132,Marina del Rey Outrigger Canoe Club,women - spec,Women,Spec,Open,Marina del Rey Outrigger Canoe Club,Women - Spec,132,6:20:27,6:20:27,22827,6:20:27,0,0,22827,6:20:27,FALSE,,FALSE,75,75,38,14,0.7307692307692307,14,14,0.23076923076923073
720,2016,65,16,Imua Outrigger Canoe Club,co-ed - open,Co-Ed,Other,Open,Imua Outrigger Canoe Club,Co-Ed - Open,16,6:20:34,6:20:34,22834,6:20:34,0,0,22834,6:20:34,FALSE,,FALSE,75,75,38,14,0.7307692307692307,11,11,0.09999999999999998
721,2016,66,563,Kahakai Outrigger Canoe Club,women - unlimited,Women,Unlimited,Open,Kahakai Outrigger Canoe Club,Women - Unlimited,563,6:21:44,6:21:44,22904,6:21:44,0,0,22904,6:21:44,FALSE,,FALSE,75,75,38,14,0.7307692307692307,20,20,0
722,2016,67,20,Hokuloa Outrigger Canoe Club,co-ed - open,Co-Ed,Other,Open,Hokuloa Outrigger Canoe Club,Co-Ed - Open,20,6:23:25,6:23:25,23005,6:23:25,0,0,23005,6:23:25,FALSE,,FALSE,75,75,38,14,0.7307692307692307,11,11,0
723,2016,68,14,Outrigger Santa Cruz,women - spec,Women,Spec,Open,Outrigger Santa Cruz,Women - Spec,14,6:24:52,6:24:52,23092,6:24:52,0,0,23092,6:24:52,FALSE,,FALSE,75,75,38,14,0.7307692307692307,14,14,0.15384615384615385
724,2016,69,9,Dana Outrigger Canoe Club,women - golden masters,Women,Other,Golden Masters,Dana Outrigger Canoe Club,Women - Golden Masters,9,6:25:35,6:25:35,23135,6:25:35,0,0,23135,6:25:35,FALSE,,FALSE,75,75,38,14,0.7307692307692307,2,2,1
725,2016,70,191,O Kalani Outrigger Canoe Club,women - senior masters,Women,Other,Senior Masters,O Kalani Outrigger Canoe Club,Women - Senior Masters,191,6:28:56,6:28:56,23336,6:28:56,0,0,23336,6:28:56,FALSE,,FALSE,75,75,38,14,0.7307692307692307,3,3,0.5
726,2016,71,133,Marina del Rey Outrigger Canoe Club,women - bradley,Women,Other,Open,Marina del Rey Outrigger Canoe Club,Women - Bradley,133,6:29:37,6:29:37,23377,6:29:37,0,0,23377,6:29:37,FALSE,,FALSE,75,75,38,14,0.7307692307692307,5,5,0
727,2016,72,134,Marina del Rey Outrigger Canoe Club,women - spec,Women,Spec,Open,Marina del Rey Outrigger Canoe Club,Women - Spec,134,6:36:25,6:36:25,23785,6:36:25,0,0,23785,6:36:25,FALSE,,FALSE,75,75,38,14,0.7307692307692307,14,14,0.07692307692307687
728,2016,73,141,Fairway Gorge Paddling Club,women - senior masters,Women,Other,Senior Masters,Fairway Gorge Paddling Club,Women - Senior Masters,141,6:41:56,6:41:56,24116,6:41:56,0,0,24116,6:41:56,FALSE,,FALSE,75,75,38,14,0.7307692307692307,3,3,0
729,2016,74,101,Oceanside Outrigger Canoe Club,women - golden masters,Women,Other,Golden Masters,Oceanside Outrigger Canoe Club,Women - Golden Masters,101,6:53:02,6:53:02,24782,6:53:02,0,0,24782,6:53:02,FALSE,,FALSE,75,75,38,14,0.7307692307692307,2,2,0
730,2016,75,909,Kapoliokaehukai OCC,women - spec,Women,Spec,Open,Kapoliokaehukai OCC,Women - Spec,909,7:29:00,7:29:00,26940,7:29:00,0,0,26940,7:29:00,FALSE,,FALSE,75,75,38,14,0.7307692307692307,14,14,0
731,2017,1,403,Rincon Outrigger Canoe Club,women - unlimited,Women,Unlimited,Open,Rincon Outrigger Canoe Club,women - unlimited,403,4:03:41,4:03:41,14621,4:03:41,0,0,14621,4:03:41,FALSE,,FALSE,64,64,38,9,0.8085106382978723,21,21,1
732,2017,2,6,Dana Outrigger Canoe Club,women - unlimited,Women,Unlimited,Open,Dana Outrigger Canoe Club,women - unlimited,6,4:05:02,4:05:02,14702,4:05:02,0,0,14702,4:05:02,FALSE,,FALSE,64,64,38,9,0.8085106382978723,21,21,0.95
733,2017,3,499,Hanohano Outrigger Canoe Club,women - unlimited,Women,Unlimited,Open,Hanohano Outrigger Canoe Club,women - unlimited,499,4:14:59,4:14:59,15299,4:14:59,0,0,15299,4:14:59,FALSE,,FALSE,64,64,38,9,0.8085106382978723,21,21,0.9
734,2017,4,126,Marina del Rey Outrigger Canoe Club,women - unlimited,Women,Unlimited,Open,Marina del Rey Outrigger Canoe Club,women - unlimited,126,4:16:38,4:16:38,15398,4:16:38,0,0,15398,4:16:38,FALSE,,FALSE,64,64,38,9,0.8085106382978723,21,21,0.85
735,2017,5,411,Lanakila Outrigger Canoe Club,women - unlimited,Women,Unlimited,Open,Lanakila Outrigger Canoe Club,women - unlimited,411,4:17:36,4:17:36,15456,4:17:36,0,0,15456,4:17:36,FALSE,,FALSE,64,64,38,9,0.8085106382978723,21,21,0.8
736,2017,6,23X,O Kalani Outrigger Canoe Club,co-ed - open unlimited,Co-Ed,Unlimited,Open,O Kalani Outrigger Canoe Club,co-ed - open ul,23X,4:18:29,4:18:29,15509,4:18:29,0,0,15509,4:18:29,FALSE,,FALSE,64,64,38,9,0.8085106382978723,10,10,1
737,2017,7,31UL,Hui Wa'a Outrigger Canoe Club,women - unlimited,Women,Unlimited,Open,Hui Wa'a Outrigger Canoe Club,women - unlimited,31UL,4:23:09,4:23:09,15789,4:23:09,0,0,15789,4:23:09,FALSE,,FALSE,64,64,38,9,0.8085106382978723,21,21,0.75
738,2017,8,23,Dana Outrigger Canoe Club,co-ed - open unlimited,Co-Ed,Unlimited,Open,Dana Outrigger Canoe Club,co-ed - open ul,23,4:23:10,4:23:10,15790,4:23:10,0,0,15790,4:23:10,FALSE,,FALSE,64,64,38,9,0.8085106382978723,10,10,0.8888888888888888
739,2017,9,21X,O Kalani Outrigger Canoe Club,co-ed - open unlimited,Co-Ed,Unlimited,Open,O Kalani Outrigger Canoe Club,co-ed - open ul,21X,4:24:23,4:24:23,15863,4:24:23,0,0,15863,4:24:23,FALSE,,FALSE,64,64,38,9,0.8085106382978723,10,10,0.7777777777777778
740,2017,10,96X,He'e Nalu,women - unlimited,Women,Unlimited,Open,He'e Nalu OCC,women - unlimited,96X,4:24:34,4:24:34,15874,4:24:34,0,0,15874,4:24:34,FALSE,,FALSE,64,64,38,9,0.8085106382978723,21,21,0.7
741,2017,11,375,Newport Aquatic Center (NAC),women - unlimited,Women,Unlimited,Open,Newport Aquatic Center (NAC),women - unlimited,375,4:25:47,4:25:47,15947,4:25:47,0,0,15947,4:25:47,FALSE,,FALSE,64,64,38,9,0.8085106382978723,21,21,0.65
742,2017,12,564,Kahakai Outrigger Canoe Club,women - unlimited,Women,Unlimited,Open,Kahakai Outrigger Canoe Club,women - unlimited,564,4:28:21,4:28:21,16101,4:28:21,0,0,16101,4:28:21,FALSE,,FALSE,64,64,38,9,0.8085106382978723,21,21,0.6
743,2017,13,805,Newport Aquatic Center (NAC),co-ed - open unlimited,Co-Ed,Unlimited,Open,Newport Aquatic Center (NAC),co-ed - open ul,805,4:32:25,4:32:25,16345,4:32:25,0,0,16345,4:32:25,FALSE,,FALSE,64,64,38,9,0.8085106382978723,10,10,0.6666666666666667
744,2017,14,144,San Diego Outrigger Canoe Club,women - unlimited,Women,Unlimited,Open,San Diego Outrigger Canoe Club,women - unlimited,144,4:34:42,4:34:42,16482,4:34:42,0,0,16482,4:34:42,FALSE,,FALSE,64,64,38,9,0.8085106382978723,21,21,0.55
745,2017,15,134,Napili Canoe Club,co-ed - open,Co-Ed,Other,Open,Napili Canoe Club,co-ed - open,134,4:36:57,4:36:57,16617,4:36:57,0,0,16617,4:36:57,FALSE,,FALSE,64,64,38,9,0.8085106382978723,9,9,1
746,2017,16,333,Newport Aquatic Center (NAC),co-ed - open unlimited,Co-Ed,Unlimited,Open,Newport Aquatic Center (NAC),co-ed - open ul,333,4:38:06,4:38:06,16686,4:38:06,0,0,16686,4:38:06,FALSE,,FALSE,64,64,38,9,0.8085106382978723,10,10,0.5555555555555556
747,2017,17,178,Imua Outrigger Canoe Club,women - masters unlimited,Women,Unlimited,Masters,Imua Outrigger Canoe Club,women - masters ul,178,4:38:31,4:38:31,16711,4:38:31,0,0,16711,4:38:31,FALSE,,FALSE,64,64,38,9,0.8085106382978723,7,7,1
748,2017,18,17,Dana Outrigger Canoe Club,women - unlimited,Women,Unlimited,Open,Dana Outrigger Canoe Club,women - unlimited,17,4:40:08,4:40:08,16808,4:40:08,0,0,16808,4:40:08,FALSE,,FALSE,64,64,38,9,0.8085106382978723,21,21,0.5
749,2017,19,424,Kai Elua Outrigger Canoe Club,women - masters unlimited,Women,Unlimited,Masters,Kai Elua Outrigger Canoe Club,women - masters ul,424,4:40:10,4:40:10,16810,4:40:10,0,0,16810,4:40:10,FALSE,,FALSE,64,64,38,9,0.8085106382978723,7,7,0.8333333333333334
750,2017,20,43,Hokuloa Outrigger Canoe Club,co-ed - open unlimited,Co-Ed,Unlimited,Open,Hokuloa Outrigger Canoe Club,co-ed - open ul,43,4:40:10,4:40:10,16810,4:40:10,0,0,16810,4:40:10,FALSE,,FALSE,64,64,38,9,0.8085106382978723,10,10,0.4444444444444444
751,2017,21,136,Marina del Rey Outrigger Canoe Club,women - unlimited,Women,Unlimited,Open,Marina del Rey Outrigger Canoe Club,women - unlimited,136,4:42:34,4:42:34,16954,4:42:34,0,0,16954,4:42:34,FALSE,,FALSE,64,64,38,9,0.8085106382978723,21,21,0.44999999999999996
752,2017,22,115,Ka Nai'a Outrigger Canoe Club,co-ed - open,Co-Ed,Other,Open,Ka Nai'a Outrigger Canoe Club,co-ed - open,115,4:43:18,4:43:18,16998,4:43:18,0,0,16998,4:43:18,FALSE,,FALSE,64,64,38,9,0.8085106382978723,9,9,0.875
753,2017,23,931,Hokuloa Outrigger Canoe Club,women - masters unlimited,Women,Unlimited,Masters,Hokuloa Outrigger Canoe Club,women - masters ul,931,4:44:24,4:44:24,17064,4:44:24,0,0,17064,4:44:24,FALSE,,FALSE,64,64,38,9,0.8085106382978723,7,7,0.6666666666666667
754,2017,24,121X,San Francisco Outrigger Canoe Club,women - masters unlimited,Women,Unlimited,Masters,San Francisco Outrigger Canoe Club,women - masters ul,121X,4:44:42,4:44:42,17082,4:44:42,0,0,17082,4:44:42,FALSE,,FALSE,64,64,38,9,0.8085106382978723,7,7,0.5
755,2017,25,96,Pale Kai Outrigger Canoe Club,women - unlimited,Women,Unlimited,Open,Pale Kai Outrigger Canoe Club,women - unlimited,96,4:45:54,4:45:54,17154,4:45:54,0,0,17154,4:45:54,FALSE,,FALSE,64,64,38,9,0.8085106382978723,21,21,0.4
756,2017,26,707,Lanakila Outrigger Canoe Club,co-ed - open unlimited,Co-Ed,Unlimited,Open,Lanakila Outrigger Canoe Club,co-ed - open ul,707,4:47:36,4:47:36,17256,4:47:36,0,0,17256,4:47:36,FALSE,,FALSE,64,64,38,9,0.8085106382978723,10,10,0.33333333333333337
757,2017,27,116,Lanakila Outrigger Canoe Club,women - spec,Women,Spec,Open,Lanakila Outrigger Canoe Club,women - spec,116,4:49:13,4:49:13,17353,4:49:13,0,0,17353,4:49:13,FALSE,,FALSE,64,64,38,9,0.8085106382978723,9,9,1
758,2017,28,334,Wiki Wiki Wa'a,women - masters,Women,Other,Masters,Wiki Wiki Wa'a,women - masters,334,4:49:43,4:49:43,17383,4:49:43,0,0,17383,4:49:43,FALSE,,FALSE,64,64,38,9,0.8085106382978723,2,2,1
759,2017,29,191,Oceanside Outrigger Canoe Club,women - unlimited,Women,Unlimited,Open,Oceanside Outrigger Canoe Club,women - unlimited,191,4:50:39,4:50:39,17439,4:50:39,0,0,17439,4:50:39,FALSE,,FALSE,64,64,38,9,0.8085106382978723,21,21,0.35
760,2017,30,85,Newport Aquatic Center (NAC),co-ed - open unlimited,Co-Ed,Unlimited,Open,Newport Aquatic Center (NAC),co-ed - open ul,85,4:51:23,4:51:23,17483,4:51:23,0,0,17483,4:51:23,FALSE,,FALSE,64,64,38,9,0.8085106382978723,10,10,0.2222222222222222
761,2017,31,335,Napili Canoe Club,co-ed - open,Co-Ed,Other,Open,Napili Canoe Club,co-ed - open,335,4:51:31,4:51:31,17491,4:51:31,0,0,17491,4:51:31,FALSE,,FALSE,64,64,38,9,0.8085106382978723,9,9,0.75
762,2017,32,93,Kai Elua Outrigger Canoe Club,co-ed - open unlimited,Co-Ed,Unlimited,Open,Kai Elua Outrigger Canoe Club,co-ed - open ul,93,4:58:33,4:58:33,17913,4:58:33,0,0,17913,4:58:33,FALSE,,FALSE,64,64,38,9,0.8085106382978723,10,10,0.11111111111111116
763,2017,33,3,Dana Outrigger Canoe Club,women - 19 & under,Women,Other,19 & Under,Dana Outrigger Canoe Club,women - 19 & under,3,4:58:51,4:58:51,17931,4:58:51,0,0,17931,4:58:51,FALSE,,FALSE,64,64,38,9,0.8085106382978723,3,3,1
764,2017,34,73,Benicia Outrigger Canoe Club,co-ed - open,Co-Ed,Other,Open,Benicia Outrigger Canoe Club,co-ed - open,73,5:00:27,5:00:27,18027,5:00:27,0,0,18027,5:00:27,FALSE,,FALSE,64,64,38,9,0.8085106382978723,9,9,0.625
765,2017,35,412,Lanakila Outrigger Canoe Club,women - 19 & under,Women,Other,19 & Under,Lanakila Outrigger Canoe Club,women - 19 & under,412,5:00:38,5:00:38,18038,5:00:38,0,0,18038,5:00:38,FALSE,,FALSE,64,64,38,9,0.8085106382978723,3,3,0.5
766,2017,36,14,Dana Outrigger Canoe Club,women - spec,Women,Spec,Open,Dana Outrigger Canoe Club,women - spec,14,5:01:57,5:01:57,18117,5:01:57,0,0,18117,5:01:57,FALSE,,FALSE,64,64,38,9,0.8085106382978723,9,9,0.875
767,2017,37,169,Hanohano Outrigger Canoe Club,women - spec,Women,Spec,Open,Hanohano Outrigger Canoe Club,women - spec,169,5:02:23,5:02:23,18143,5:02:23,0,0,18143,5:02:23,FALSE,,FALSE,64,64,38,9,0.8085106382978723,9,9,0.75
768,2017,38,320,Oceanside Outrigger Canoe Club,women - unlimited,Women,Unlimited,Open,Oceanside Outrigger Canoe Club,women - unlimited,320,5:08:17,5:08:17,18497,5:08:17,0,0,18497,5:08:17,FALSE,,FALSE,64,64,38,9,0.8085106382978723,21,21,0.30000000000000004
769,2017,39,408,Lanakila Outrigger Canoe Club,women - masters,Women,Other,Masters,Lanakila Outrigger Canoe Club,women - masters,408,5:09:54,5:09:54,18594,5:09:54,0,0,18594,5:09:54,FALSE,,FALSE,64,64,38,9,0.8085106382978723,2,2,0
770,2017,40,409,Marina del Rey Outrigger Canoe Club,women - unlimited,Women,Unlimited,Open,Marina del Rey Outrigger Canoe Club,women - unlimited,409,5:10:04,5:10:04,18604,5:10:04,0,0,18604,5:10:04,FALSE,,FALSE,64,64,38,9,0.8085106382978723,21,21,0.25
771,2017,41,25,Bellingham Bay Outrigger Paddlers (BB,women - spec,Women,Spec,Open,Bellingham Bay Outrigger Paddlers (BB,women - spec,25,5:10:36,5:10:36,18636,5:10:36,0,0,18636,5:10:36,FALSE,,FALSE,64,64,38,9,0.8085106382978723,9,9,0.625
772,2017,42,80,Newport Aquatic Center (NAC),women - masters unlimited,Women,Unlimited,Masters,Newport Aquatic Center (NAC),women - masters ul,80,5:11:16,5:11:16,18676,5:11:16,0,0,18676,5:11:16,FALSE,,FALSE,64,64,38,9,0.8085106382978723,7,7,0.33333333333333337
773,2017,43,130,Marina del Rey Outrigger Canoe Club,women - unlimited,Women,Unlimited,Open,Marina del Rey Outrigger Canoe Club,women - unlimited,130,5:11:18,5:11:18,18678,5:11:18,0,0,18678,5:11:18,FALSE,,FALSE,64,64,38,9,0.8085106382978723,21,21,0.19999999999999996
774,2017,44,91,Kai Elua Outrigger Canoe Club,women - unlimited,Women,Unlimited,Open,Kai Elua Outrigger Canoe Club,women - unlimited,91,5:12:24,5:12:24,18744,5:12:24,0,0,18744,5:12:24,FALSE,,FALSE,64,64,38,9,0.8085106382978723,21,21,0.15000000000000002
775,2017,45,27,Imua Outrigger Canoe Club,co-ed - open,Co-Ed,Other,Open,Imua Outrigger Canoe Club,co-ed - open,27,5:12:49,5:12:49,18769,5:12:49,0,0,18769,5:12:49,FALSE,,FALSE,64,64,38,9,0.8085106382978723,9,9,0.5
776,2017,46,158,Kahakai Outrigger Canoe Club,women - spec,Women,Spec,Open,Kahakai Outrigger Canoe Club,women - spec,158,5:13:00,5:13:00,18780,5:13:00,0,0,18780,5:13:00,FALSE,,FALSE,64,64,38,9,0.8085106382978723,9,9,0.5
777,2017,47,179,Wrightsville Beach Outrigger Canoe Cl,women - spec,Women,Spec,Open,Wrightsville Beach Outrigger Canoe Cl,women - spec,179,5:13:08,5:13:08,18788,5:13:08,0,0,18788,5:13:08,FALSE,,FALSE,64,64,38,9,0.8085106382978723,9,9,0.375
778,2017,48,299,Hanohano Outrigger Canoe Club,women - masters unlimited,Women,Unlimited,Masters,Hanohano Outrigger Canoe Club,women - masters ul,299,5:14:25,5:14:25,18865,5:14:25,0,0,18865,5:14:25,FALSE,,FALSE,64,64,38,9,0.8085106382978723,7,7,0.16666666666666663
779,2017,49,215,Na Leo O'Ke Kai,women - unlimited,Women,Unlimited,Open,Na Leo O Ke Kai,women - unlimited,215,5:15:08,5:15:08,18908,5:15:08,0,0,18908,5:15:08,FALSE,,FALSE,64,64,38,9,0.8085106382978723,21,21,0.09999999999999998
780,2017,50,2,Dana Outrigger Canoe Club,women - masters unlimited,Women,Unlimited,Masters,Dana Outrigger Canoe Club,women - masters ul,2,5:16:33,5:16:33,18993,5:16:33,0,0,18993,5:16:33,FALSE,,FALSE,64,64,38,9,0.8085106382978723,7,7,0
781,2017,51,7,Imua Outrigger Canoe Club,women - unlimited,Women,Unlimited,Open,Imua Outrigger Canoe Club,women - unlimited,7,5:21:22,5:21:22,19282,5:21:22,0,0,19282,5:21:22,FALSE,,FALSE,64,64,38,9,0.8085106382978723,21,21,0.050000000000000044
782,2017,52,9,Dana Outrigger Canoe Club,women - senior masters,Women,Other,Senior Masters,Dana Outrigger Canoe Club,women - senior masters,9,5:22:10,5:22:10,19330,5:22:10,0,0,19330,5:22:10,FALSE,,FALSE,64,64,38,9,0.8085106382978723,2,2,1
783,2017,53,303,Outrigger Hoe Wana'ao,co-ed - open,Co-Ed,Other,Open,Outrigger Hoe Wana'ao,co-ed - open,303,5:23:06,5:23:06,19386,5:23:06,0,0,19386,5:23:06,FALSE,,FALSE,64,64,38,9,0.8085106382978723,9,9,0.375
784,2017,54,16,Marina del Rey Outrigger Canoe Club,co-ed - open,Co-Ed,Other,Open,Marina del Rey Outrigger Canoe Club,co-ed - open,16,5:23:37,5:23:37,19417,5:23:37,0,0,19417,5:23:37,FALSE,,FALSE,64,64,38,9,0.8085106382978723,9,9,0.25
785,2017,55,28,Lanakila Outrigger Canoe Club,women - bradley,Women,Other,Open,Lanakila Outrigger Canoe Club,women - bradley,28,5:24:12,5:24:12,19452,5:24:12,0,0,19452,5:24:12,FALSE,,FALSE,64,64,38,9,0.8085106382978723,1,1,
786,2017,56,410,Lanakila Outrigger Canoe Club,co-ed - open unlimited,Co-Ed,Unlimited,Open,Lanakila Outrigger Canoe Club,co-ed - open ul,410,5:24:21,5:24:21,19461,5:24:21,0,0,19461,5:24:21,FALSE,,FALSE,64,64,38,9,0.8085106382978723,10,10,0
787,2017,57,13,Dana Outrigger Canoe Club,women - spec,Women,Spec,Open,Dana Outrigger Canoe Club,women - spec,13,5:27:19,5:27:19,19639,5:27:19,0,0,19639,5:27:19,FALSE,,FALSE,64,64,38,9,0.8085106382978723,9,9,0.25
788,2017,58,300,Newport Aquatic Center (NAC),women - spec,Women,Spec,Open,Newport Aquatic Center (NAC),women - spec,300,5:28:36,5:28:36,19716,5:28:36,0,0,19716,5:28:36,FALSE,,FALSE,64,64,38,9,0.8085106382978723,9,9,0.125
789,2017,59,151,O Kalani Outrigger Canoe Club,women - senior masters,Women,Other,Senior Masters,O Kalani Outrigger Canoe Club,women - senior masters,151,5:29:14,5:29:14,19754,5:29:14,0,0,19754,5:29:14,FALSE,,FALSE,64,64,38,9,0.8085106382978723,2,2,0
790,2017,60,563,Kahakai Outrigger Canoe Club,women - unlimited,Women,Unlimited,Open,Kahakai Outrigger Canoe Club,women - unlimited,563,5:33:53,5:33:53,20033,5:33:53,0,0,20033,5:33:53,FALSE,,FALSE,64,64,38,9,0.8085106382978723,21,21,0
791,2017,61,777,Lokahi Outrigger Canoe Club,co-ed - open,Co-Ed,Other,Open,Lokahi Outrigger Canoe Club,co-ed - open,777,5:35:36,5:35:36,20136,5:35:36,0,0,20136,5:35:36,FALSE,,FALSE,64,64,38,9,0.8085106382978723,9,9,0.125
792,2017,62,22,San Diego Outrigger Canoe Club,women - spec,Women,Spec,Open,San Diego Outrigger Canoe Club,women - spec,22,5:38:37,5:38:37,20317,5:38:37,0,0,20317,5:38:37,FALSE,,FALSE,64,64,38,9,0.8085106382978723,9,9,0
793,2017,63,562,Lanakila Outrigger Canoe Club,women - 19 & under,Women,Other,19 & Under,Lanakila Outrigger Canoe Club,women - 19 & under,562,5:39:40,5:39:40,20380,5:39:40,0,0,20380,5:39:40,FALSE,,FALSE,64,64,38,9,0.8085106382978723,3,3,0
794,2017,64,42,Team Arizona Outrigger Canoe Club,co-ed - open,Co-Ed,Other,Open,Team Arizona Outrigger Canoe Club,co-ed - open,42,5:53:33,5:53:33,21213,5:53:33,0,0,21213,5:53:33,FALSE,,FALSE,64,64,38,9,0.8085106382978723,9,9,0
795,2018,1,403,Teva,women - unlimited,Women,Unlimited,Open,Teva,women - unlimited,403,4:00:37,4:00:37,14437,4:00:37,0,0,14437,4:00:37,FALSE,,FALSE,65,65,46,8,0.8518518518518519,23,23,1
796,2018,2,23X,O Kalani Outrigger Canoe Club,co-ed - open unlimited,Co-Ed,Unlimited,Open,O Kalani Outrigger Canoe Club,co-ed - open ul,23X,4:01:19,4:01:19,14479,4:01:19,0,0,14479,4:01:19,FALSE,,FALSE,65,65,46,8,0.8518518518518519,13,13,1
797,2018,3,6,False Creek - Hardy Bus Chickens,co-ed - open unlimited,Co-Ed,Unlimited,Open,False Creek - Hardy Bus Chickens,co-ed - open ul,6,4:06:28,4:06:28,14788,4:06:28,0,0,14788,4:06:28,FALSE,,FALSE,65,65,46,8,0.8518518518518519,13,13,0.9166666666666666
798,2018,4,30,Dana Outrigger Canoe Club,women - unlimited,Women,Unlimited,Open,Dana Outrigger Canoe Club,women - unlimited,30,4:10:36,4:10:36,15036,4:10:36,0,0,15036,4:10:36,FALSE,,FALSE,65,65,46,8,0.8518518518518519,23,23,0.9545454545454546
799,2018,5,414,Lanakila Outrigger Canoe Club,women - unlimited,Women,Unlimited,Open,Lanakila Outrigger Canoe Club,women - unlimited,414,4:14:02,4:14:02,15242,4:14:02,0,0,15242,4:14:02,FALSE,,FALSE,65,65,46,8,0.8518518518518519,23,23,0.9090909090909091
800,2018,6,88,Newport Aquatic Center (NAC),co-ed - open unlimited,Co-Ed,Unlimited,Open,Newport Aquatic Center (NAC),co-ed - open ul,88,4:14:50,4:14:50,15290,4:14:50,0,0,15290,4:14:50,FALSE,,FALSE,65,65,46,8,0.8518518518518519,13,13,0.8333333333333334
801,2018,7,45,Hui Wa'a Outrigger Canoe Club,women - unlimited,Women,Unlimited,Open,Hui Wa'a Outrigger Canoe Club,women - unlimited,45,4:17:33,4:17:33,15453,4:17:33,0,0,15453,4:17:33,FALSE,,FALSE,65,65,46,8,0.8518518518518519,23,23,0.8636363636363636
802,2018,8,217,Kai Opua Canoe Club,women - unlimited,Women,Unlimited,Open,Kai Opua Canoe Club,women - unlimited,217,4:18:40,4:18:40,15520,4:18:40,0,0,15520,4:18:40,FALSE,,FALSE,65,65,46,8,0.8518518518518519,23,23,0.8181818181818181
803,2018,9,170,Pale Kai Outrigger Canoe Club,co-ed - open unlimited,Co-Ed,Unlimited,Open,Pale Kai Outrigger Canoe Club,co-ed - open ul,170,4:22:29,4:22:29,15749,4:22:29,0,0,15749,4:22:29,FALSE,,FALSE,65,65,46,8,0.8518518518518519,13,13,0.75
804,2018,10,499,Hanohano Outrigger Canoe Club,women - unlimited,Women,Unlimited,Open,Hanohano Outrigger Canoe Club,women - unlimited,499,4:26:40,4:26:40,16000,4:26:40,0,0,16000,4:26:40,FALSE,,FALSE,65,65,46,8,0.8518518518518519,23,23,0.7727272727272727
805,2018,11,126,Marina del Rey Outrigger Canoe Club,women - unlimited,Women,Unlimited,Open,Marina del Rey Outrigger Canoe Club,women - unlimited,126,4:27:36,4:27:36,16056,4:27:36,0,0,16056,4:27:36,FALSE,,FALSE,65,65,46,8,0.8518518518518519,23,23,0.7272727272727273
806,2018,12,85,Newport Aquatic Center (NAC),women - masters unlimited,Women,Unlimited,Masters,Newport Aquatic Center (NAC),women - masters ul,85,4:27:47,4:27:47,16067,4:27:47,0,0,16067,4:27:47,FALSE,,FALSE,65,65,46,8,0.8518518518518519,4,4,1
807,2018,13,178,Imua Outrigger Canoe Club,women - masters unlimited,Women,Unlimited,Masters,Imua Outrigger Canoe Club,women - masters ul,178,4:30:04,4:30:04,16204,4:30:04,0,0,16204,4:30:04,FALSE,,FALSE,65,65,46,8,0.8518518518518519,4,4,0.6666666666666667
808,2018,14,805,Newport Aquatic Center (NAC),co-ed - open unlimited,Co-Ed,Unlimited,Open,Newport Aquatic Center (NAC),co-ed - open ul,805,4:30:51,4:30:51,16251,4:30:51,0,0,16251,4:30:51,FALSE,,FALSE,65,65,46,8,0.8518518518518519,13,13,0.6666666666666667
809,2018,15,23,Dana Outrigger Canoe Club,women - unlimited,Women,Unlimited,Open,Dana Outrigger Canoe Club,women - unlimited,23,4:31:16,4:31:16,16276,4:31:16,0,0,16276,4:31:16,FALSE,,FALSE,65,65,46,8,0.8518518518518519,23,23,0.6818181818181819
810,2018,16,707,Hood River Outrigger Canoe Club,co-ed - open unlimited,Co-Ed,Unlimited,Open,Hood River Outrigger Canoe Club,co-ed - open ul,707,4:33:25,4:33:25,16405,4:33:25,0,0,16405,4:33:25,FALSE,,FALSE,65,65,46,8,0.8518518518518519,13,13,0.5833333333333333
811,2018,17,888,Imua Outrigger Canoe Club,co-ed - open unlimited,Co-Ed,Unlimited,Open,Imua Outrigger Canoe Club,co-ed - open ul,888,4:35:04,4:35:04,16504,4:35:04,0,0,16504,4:35:04,FALSE,,FALSE,65,65,46,8,0.8518518518518519,13,13,0.5
812,2018,18,910,Newport Outrigger Canoe Club,co-ed - open unlimited,Co-Ed,Unlimited,Open,Newport Outrigger Canoe Club,co-ed - open ul,910,4:35:36,4:35:36,16536,4:35:36,0,0,16536,4:35:36,FALSE,,FALSE,65,65,46,8,0.8518518518518519,13,13,0.41666666666666663
813,2018,19,7,Imua Outrigger Canoe Club,co-ed - open unlimited,Co-Ed,Unlimited,Open,Imua Outrigger Canoe Club,co-ed - open ul,7,4:35:52,4:35:52,16552,4:35:52,0,0,16552,4:35:52,FALSE,,FALSE,65,65,46,8,0.8518518518518519,13,13,0.33333333333333337
814,2018,20,411,Lanakila Outrigger Canoe Club,women - unlimited,Women,Unlimited,Open,Lanakila Outrigger Canoe Club,women - unlimited,411,4:36:22,4:36:22,16582,4:36:22,0,0,16582,4:36:22,FALSE,,FALSE,65,65,46,8,0.8518518518518519,23,23,0.6363636363636364
815,2018,21,565,Kahakai Outrigger Canoe Club,women - unlimited,Women,Unlimited,Open,Kahakai Outrigger Canoe Club,women - unlimited,565,4:38:47,4:38:47,16727,4:38:47,0,0,16727,4:38:47,FALSE,,FALSE,65,65,46,8,0.8518518518518519,23,23,0.5909090909090908
816,2018,22,151X,Kilohana Outrigger Canoe Club,co-ed - open unlimited,Co-Ed,Unlimited,Open,Kilohana,co-ed - open ul,151X,4:39:04,4:39:04,16744,4:39:04,0,0,16744,4:39:04,FALSE,,FALSE,65,65,46,8,0.8518518518518519,13,13,0.25
817,2018,23,424,Kai Elua Outrigger Canoe Club,women - unlimited,Women,Unlimited,Open,Kai Elua Outrigger Canoe Club,women - unlimited,424,4:39:39,4:39:39,16779,4:39:39,0,0,16779,4:39:39,FALSE,,FALSE,65,65,46,8,0.8518518518518519,23,23,0.5454545454545454
818,2018,24,310,Lanakila Outrigger Canoe Club,co-ed - open unlimited,Co-Ed,Unlimited,Open,Lanakila Outrigger Canoe Club,co-ed - open ul,310,4:41:28,4:41:28,16888,4:41:28,0,0,16888,4:41:28,FALSE,,FALSE,65,65,46,8,0.8518518518518519,13,13,0.16666666666666663
819,2018,25,410,Lanakila Outrigger Canoe Club,women - senior masters unlimited,Women,Unlimited,Senior Masters,Lanakila Outrigger Canoe Club,women - senior masters ul,410,4:43:09,4:43:09,16989,4:43:09,0,0,16989,4:43:09,FALSE,,FALSE,65,65,46,8,0.8518518518518519,6,6,1
820,2018,26,333,Hui Wa'a Outrigger Canoe Club,women - masters unlimited,Women,Unlimited,Masters,Hui Wa'a Outrigger Canoe Club,women - masters ul,333,4:44:13,4:44:13,17053,4:44:13,0,0,17053,4:44:13,FALSE,,FALSE,65,65,46,8,0.8518518518518519,4,4,0.33333333333333337
821,2018,27,115,Ka Nai'a Outrigger Canoe Club,co-ed - open,Co-Ed,Other,Open,Ka Nai a Outrigger Canoe Club,co-ed - open,115,4:45:02,4:45:02,17102,4:45:02,0,0,17102,4:45:02,FALSE,,FALSE,65,65,46,8,0.8518518518518519,7,7,1
822,2018,28,191,Oceanside Outrigger Canoe Club,women - unlimited,Women,Unlimited,Open,Oceanside Outrigger Canoe Club,women - unlimited,191,4:45:40,4:45:40,17140,4:45:40,0,0,17140,4:45:40,FALSE,,FALSE,65,65,46,8,0.8518518518518519,23,23,0.5
823,2018,29,335,Benicia Outrigger Canoe Club,co-ed - open,Co-Ed,Other,Open,Benicia Outrigger Canoe Club,co-ed - open,335,4:45:40,4:45:40,17140,4:45:40,0,0,17140,4:45:40,FALSE,,FALSE,65,65,46,8,0.8518518518518519,7,7,0.8333333333333334
824,2018,30,971,Kai Pana Outrigger Canoe Club,women - unlimited,Women,Unlimited,Open,Kai Pana Outrigger Canoe Club,women - unlimited,971,4:47:09,4:47:09,17229,4:47:09,0,0,17229,4:47:09,FALSE,,FALSE,65,65,46,8,0.8518518518518519,23,23,0.4545454545454546
825,2018,31,562,False Creek Racing Canoe Club WMD,women - unlimited,Women,Unlimited,Open,False Creek Racing Canoe Club WMD,women - unlimited,562,4:49:24,4:49:24,17364,4:49:24,0,0,17364,4:49:24,FALSE,,FALSE,65,65,46,8,0.8518518518518519,23,23,0.40909090909090906
826,2018,32,375,Newport Aquatic Center (NAC),women - unlimited,Women,Unlimited,Open,Newport Aquatic Center (NAC),women - unlimited,375,4:52:23,4:52:23,17543,4:52:23,0,0,17543,4:52:23,FALSE,,FALSE,65,65,46,8,0.8518518518518519,23,23,0.36363636363636365
827,2018,33,132,Washington Canoe Club,women - spec,Women,Spec,Open,Washington Canoe Club,women - spec,132,4:52:53,4:52:53,17573,4:52:53,0,0,17573,4:52:53,FALSE,,FALSE,65,65,46,8,0.8518518518518519,8,8,1
828,2018,34,133,Marina del Rey Outrigger Canoe Club,women - senior masters unlimited,Women,Unlimited,Senior Masters,Marina del Rey Outrigger Canoe Club,women - senior masters ul,133,4:54:10,4:54:10,17650,4:54:10,0,0,17650,4:54:10,FALSE,,FALSE,65,65,46,8,0.8518518518518519,6,6,0.8
829,2018,35,931,Hokuloa Outrigger Canoe Club,women - senior masters unlimited,Women,Unlimited,Senior Masters,Hokuloa Outrigger Canoe Club,women - senior masters ul,931,4:55:23,4:55:23,17723,4:55:23,0,0,17723,4:55:23,FALSE,,FALSE,65,65,46,8,0.8518518518518519,6,6,0.6
830,2018,36,80,Newport Aquatic Center (NAC),co-ed - open unlimited,Co-Ed,Unlimited,Open,Newport Aquatic Center (NAC),co-ed - open ul,80,4:56:09,4:56:09,17769,4:56:09,0,0,17769,4:56:09,FALSE,,FALSE,65,65,46,8,0.8518518518518519,13,13,0.08333333333333337
831,2018,37,155,Pale Kai Outrigger Canoe Club,co-ed - open,Co-Ed,Other,Open,Pale Kai Outrigger Canoe Club,co-ed - open,155,4:56:51,4:56:51,17811,4:56:51,0,0,17811,4:56:51,FALSE,,FALSE,65,65,46,8,0.8518518518518519,7,7,0.6666666666666667
832,2018,38,563,Kaikuahine O Ke Kai,women - senior masters unlimited,Women,Unlimited,Senior Masters,Kaikuahine O Ke Kai,women - senior masters ul,563,4:57:23,4:57:23,17843,4:57:23,0,0,17843,4:57:23,FALSE,,FALSE,65,65,46,8,0.8518518518518519,6,6,0.4
833,2018,39,2,Dana Outrigger Canoe Club,co-ed - open unlimited,Co-Ed,Unlimited,Open,Dana Outrigger Canoe Club,co-ed - open ul,2,4:57:48,4:57:48,17868,4:57:48,0,0,17868,4:57:48,FALSE,,FALSE,65,65,46,8,0.8518518518518519,13,13,0
834,2018,40,323,Oceanside Outrigger Canoe Club,women - unlimited,Women,Unlimited,Open,Oceanside Outrigger Canoe Club,women - unlimited,323,4:58:39,4:58:39,17919,4:58:39,0,0,17919,4:58:39,FALSE,,FALSE,65,65,46,8,0.8518518518518519,23,23,0.31818181818181823
835,2018,41,121X,San Francisco Outrigger Canoe Club,women - senior masters unlimited,Women,Unlimited,Senior Masters,San Francisco Outrigger Canoe Club,women - senior masters ul,121X,4:59:40,4:59:40,17980,4:59:40,0,0,17980,4:59:40,FALSE,,FALSE,65,65,46,8,0.8518518518518519,6,6,0.19999999999999996
836,2018,42,299,Hanohano Outrigger Canoe Club,women - unlimited,Women,Unlimited,Open,Hanohano Outrigger Canoe Club,women - unlimited,299,5:01:23,5:01:23,18083,5:01:23,0,0,18083,5:01:23,FALSE,,FALSE,65,65,46,8,0.8518518518518519,23,23,0.2727272727272727
837,2018,43,17,Dana Outrigger Canoe Club,women - senior masters unlimited,Women,Unlimited,Senior Masters,Dana Outrigger Canoe Club,women - senior masters ul,17,5:01:55,5:01:55,18115,5:01:55,0,0,18115,5:01:55,FALSE,,FALSE,65,65,46,8,0.8518518518518519,6,6,0
838,2018,44,136,Marina del Rey Outrigger Canoe Club,women - unlimited,Women,Unlimited,Open,Marina del Rey Outrigger Canoe Club,women - unlimited,136,5:03:23,5:03:23,18203,5:03:23,0,0,18203,5:03:23,FALSE,,FALSE,65,65,46,8,0.8518518518518519,23,23,0.2272727272727273
839,2018,45,22,San Diego Outrigger Canoe Club,women - spec,Women,Spec,Open,San Diego Outrigger Canoe Club,women - spec,22,5:03:53,5:03:53,18233,5:03:53,0,0,18233,5:03:53,FALSE,,FALSE,65,65,46,8,0.8518518518518519,8,8,0.8571428571428572
840,2018,46,412,Lanakila Outrigger Canoe Club,women - 19 & under,Women,Other,19 & Under,Lanakila Outrigger Canoe Club,women - 19 & under,412,5:04:50,5:04:50,18290,5:04:50,0,0,18290,5:04:50,FALSE,,FALSE,65,65,46,8,0.8518518518518519,3,3,1
841,2018,47,116,Lanakila Outrigger Canoe Club,women - spec,Women,Spec,Open,Lanakila Outrigger Canoe Club,women - spec,116,5:06:11,5:06:11,18371,5:06:11,0,0,18371,5:06:11,FALSE,,FALSE,65,65,46,8,0.8518518518518519,8,8,0.7142857142857143
842,2018,48,93,Kai Elua Outrigger Canoe Club,women - unlimited,Women,Unlimited,Open,Kai Elua Outrigger Canoe Club,women - unlimited,93,5:07:50,5:07:50,18470,5:07:50,0,0,18470,5:07:50,FALSE,,FALSE,65,65,46,8,0.8518518518518519,23,23,0.18181818181818177
843,2018,49,9,Dana Outrigger Canoe Club,women - spec,Women,Spec,Open,Dana Outrigger Canoe Club,women - spec,9,5:08:19,5:08:19,18499,5:08:19,0,0,18499,5:08:19,FALSE,,FALSE,65,65,46,8,0.8518518518518519,8,8,0.5714285714285714
844,2018,50,73,Hokuloa Outrigger Canoe Club,co-ed - open,Co-Ed,Other,Open,Hokuloa Outrigger Canoe Club,co-ed - open,73,5:09:41,5:09:41,18581,5:09:41,0,0,18581,5:09:41,FALSE,,FALSE,65,65,46,8,0.8518518518518519,7,7,0.5
845,2018,51,399,Hanohano Outrigger Canoe Club,women - unlimited,Women,Unlimited,Open,Hanohano Outrigger Canoe Club,women - unlimited,399,5:10:20,5:10:20,18620,5:10:20,0,0,18620,5:10:20,FALSE,,FALSE,65,65,46,8,0.8518518518518519,23,23,0.13636363636363635
846,2018,52,564,Kahakai Outrigger Canoe Club,women - unlimited,Women,Unlimited,Open,Kahakai Outrigger Canoe Club,women - unlimited,564,5:12:04,5:12:04,18724,5:12:04,0,0,18724,5:12:04,FALSE,,FALSE,65,65,46,8,0.8518518518518519,23,23,0.09090909090909094
847,2018,53,91,Kai Elua Outrigger Canoe Club,women - unlimited,Women,Unlimited,Open,Kai Elua Outrigger Canoe Club,women - unlimited,91,5:12:37,5:12:37,18757,5:12:37,0,0,18757,5:12:37,FALSE,,FALSE,65,65,46,8,0.8518518518518519,23,23,0.045454545454545414
848,2018,54,169,Hanohano Outrigger Canoe Club,women - spec,Women,Spec,Open,Hanohano Outrigger Canoe Club,women - spec,169,5:13:28,5:13:28,18808,5:13:28,0,0,18808,5:13:28,FALSE,,FALSE,65,65,46,8,0.8518518518518519,8,8,0.4285714285714286
849,2018,55,300,Newport Aquatic Center (NAC),women - spec,Women,Spec,Open,Newport Aquatic Center (NAC),women - spec,300,5:14:09,5:14:09,18849,5:14:09,0,0,18849,5:14:09,FALSE,,FALSE,65,65,46,8,0.8518518518518519,8,8,0.2857142857142857
850,2018,56,144,San Diego Outrigger Canoe Club,women - unlimited,Women,Unlimited,Open,San Diego Outrigger Canoe Club,women - unlimited,144,5:18:31,5:18:31,19111,5:18:31,0,0,19111,5:18:31,FALSE,,FALSE,65,65,46,8,0.8518518518518519,23,23,0
851,2018,57,3,Dana Outrigger Canoe Club,women - 19 & under,Women,Other,19 & Under,Dana Outrigger Canoe Club,women - 19 & under,3,5:19:05,5:19:05,19145,5:19:05,0,0,19145,5:19:05,FALSE,,FALSE,65,65,46,8,0.8518518518518519,3,3,0.5
852,2018,58,409,Lanakila Outrigger Canoe Club,women - 19 & under,Women,Other,19 & Under,Lanakila Outrigger Canoe Club,women - 19 & under,409,5:21:10,5:21:10,19270,5:21:10,0,0,19270,5:21:10,FALSE,,FALSE,65,65,46,8,0.8518518518518519,3,3,0
853,2018,59,57,Lokahi Outrigger Canoe Club,co-ed - open,Co-Ed,Other,Open,Lokahi Outrigger Canoe Club,co-ed - open,57,5:23:42,5:23:42,19422,5:23:42,0,0,19422,5:23:42,FALSE,,FALSE,65,65,46,8,0.8518518518518519,7,7,0.33333333333333337
854,2018,60,14,Dana Outrigger Canoe Club,women - masters,Women,Other,Masters,Dana Outrigger Canoe Club,women - masters,14,5:24:07,5:24:07,19447,5:24:07,0,0,19447,5:24:07,FALSE,,FALSE,65,65,46,8,0.8518518518518519,1,1,
855,2018,61,334,Outrigger Santa Cruz,women - spec,Women,Spec,Open,Outrigger Santa Cruz,women - spec,334,5:24:49,5:24:49,19489,5:24:49,0,0,19489,5:24:49,FALSE,,FALSE,65,65,46,8,0.8518518518518519,8,8,0.1428571428571429
856,2018,62,320,Oceanside Outrigger Canoe Club,women - masters unlimited,Women,Unlimited,Masters,Oceanside Outrigger Canoe Club,women - masters ul,320,5:28:35,5:28:35,19715,5:28:35,0,0,19715,5:28:35,FALSE,,FALSE,65,65,46,8,0.8518518518518519,4,4,0
857,2018,63,117,Lanakila Outrigger Canoe Club,women - spec,Women,Spec,Open,Lanakila Outrigger Canoe Club,women - spec,117,5:31:53,5:31:53,19913,5:31:53,0,0,19913,5:31:53,FALSE,,FALSE,65,65,46,8,0.8518518518518519,8,8,0
858,2018,64,27,Imua Outrigger Canoe Club,co-ed - open,Co-Ed,Other,Open,Imua Outrigger Canoe Club,co-ed - open,27,5:35:04,5:35:04,20104,5:35:04,0,0,20104,5:35:04,FALSE,,FALSE,65,65,46,8,0.8518518518518519,7,7,0.16666666666666663
859,2018,65,101,Ryukyu Paddlers Club,co-ed - open,Co-Ed,Other,Open,Ryukyu Paddlers Club,co-ed - open,101,5:43:45,5:43:45,20625,5:43:45,0,0,20625,5:43:45,FALSE,,FALSE,65,65,46,8,0.8518518518518519,7,7,0
860,2019,1,403,Teva,women - unlimited,Women,Unlimited,Open,Teva,women - unlimited,403,4:03:16,4:03:16,14596,4:03:16,0,0,14596,4:03:16,FALSE,,FALSE,60,60,50,4,0.9259259259259259,23,23,1
861,2019,2,6,Dana Outrigger Canoe Club,women - unlimited,Women,Unlimited,Open,Dana Outrigger Canoe Club,women - unlimited,6,4:04:24,4:04:24,14664,4:04:24,0,0,14664,4:04:24,FALSE,,FALSE,60,60,50,4,0.9259259259259259,23,23,0.9545454545454546
862,2019,3,414,Lanakila Outrigger Canoe Club,women - unlimited,Women,Unlimited,Open,Lanakila Outrigger Canoe Club,women - unlimited,414,4:14:57,4:14:57,15297,4:14:57,0,0,15297,4:14:57,FALSE,,FALSE,60,60,50,4,0.9259259259259259,23,23,0.9090909090909091
863,2019,4,138,Marina del Rey Outrigger Canoe Club,women - unlimited,Women,Unlimited,Open,Marina del Rey Outrigger Canoe Club,women - unlimited,138,4:18:58,4:18:58,15538,4:18:58,0,0,15538,4:18:58,FALSE,,FALSE,60,60,50,4,0.9259259259259259,23,23,0.8636363636363636
864,2019,5,787,Newport Outrigger Canoe Club,co-ed - open unlimited,Co-Ed,Unlimited,Open,Newport Outrigger Canoe Club,co-ed - open ul,787,4:20:21,4:20:21,15621,4:20:21,0,0,15621,4:20:21,FALSE,,FALSE,60,60,50,4,0.9259259259259259,13,13,1
865,2019,6,375,Newport Aquatic Center (NAC),co-ed - open unlimited,Co-Ed,Unlimited,Open,Newport Aquatic Center (NAC),co-ed - open ul,375,4:22:49,4:22:49,15769,4:22:49,0,0,15769,4:22:49,FALSE,,FALSE,60,60,50,4,0.9259259259259259,13,13,0.9166666666666666
866,2019,7,399,Hanohano Outrigger Canoe Club,women - unlimited,Women,Unlimited,Open,Hanohano Outrigger Canoe Club,women - unlimited,399,4:29:37,4:29:37,16177,4:29:37,0,0,16177,4:29:37,FALSE,,FALSE,60,60,50,4,0.9259259259259259,23,23,0.8181818181818181
867,2019,8,30,Dana Outrigger Canoe Club,women - masters unlimited,Women,Unlimited,Masters,Dana Outrigger Canoe Club,women - masters ul,30,4:30:23,4:30:23,16223,4:30:23,0,0,16223,4:30:23,FALSE,,FALSE,60,60,50,4,0.9259259259259259,8,8,1
868,2019,9,88,Newport Aquatic Center (NAC),women - masters unlimited,Women,Unlimited,Masters,Newport Aquatic Center (NAC),women - masters ul,88,4:30:52,4:30:52,16252,4:30:52,0,0,16252,4:30:52,FALSE,,FALSE,60,60,50,4,0.9259259259259259,8,8,0.8571428571428572
869,2019,10,80X,Outrigger Santa Cruz,co-ed - open unlimited,Co-Ed,Unlimited,Open,Outrigger Santa Cruz,co-ed - open ul,80X,4:33:14,4:33:14,16394,4:33:14,0,0,16394,4:33:14,FALSE,,FALSE,60,60,50,4,0.9259259259259259,13,13,0.8333333333333334
870,2019,11,724,Dana Outrigger Canoe Club,women - unlimited,Women,Unlimited,Open,Dana Outrigger Canoe Club,women - unlimited,724,4:34:36,4:34:36,16476,4:34:36,0,0,16476,4:34:36,FALSE,,FALSE,60,60,50,4,0.9259259259259259,23,23,0.7727272727272727
871,2019,12,565,Kahakai Outrigger Canoe Club,women - unlimited,Women,Unlimited,Open,Kahakai Outrigger Canoe Club,women - unlimited,565,4:34:56,4:34:56,16496,4:34:56,0,0,16496,4:34:56,FALSE,,FALSE,60,60,50,4,0.9259259259259259,23,23,0.7272727272727273
872,2019,13,0,Hanohano Outrigger Canoe Club,co-ed - open unlimited,Co-Ed,Unlimited,Open,Hanohano Outrigger Canoe Club,co-ed - open ul,0,4:35:20,4:35:20,16520,4:35:20,0,0,16520,4:35:20,FALSE,,FALSE,60,60,50,4,0.9259259259259259,13,13,0.75
873,2019,14,3,Dana Outrigger Canoe Club,co-ed - open unlimited,Co-Ed,Unlimited,Open,Dana Outrigger Canoe Club,co-ed - open ul,3,4:35:36,4:35:36,16536,4:35:36,0,0,16536,4:35:36,FALSE,,FALSE,60,60,50,4,0.9259259259259259,13,13,0.6666666666666667
874,2019,15,121X,San Francisco Outrigger Canoe Club,co-ed - open unlimited,Co-Ed,Unlimited,Open,San Francisco Outrigger Canoe Club,co-ed - open ul,121X,4:38:11,4:38:11,16691,4:38:11,0,0,16691,4:38:11,FALSE,,FALSE,60,60,50,4,0.9259259259259259,13,13,0.5833333333333333
875,2019,16,412,Lanakila Outrigger Canoe Club,women - masters unlimited,Women,Unlimited,Masters,Lanakila Outrigger Canoe Club,women - masters ul,412,4:41:03,4:41:03,16863,4:41:03,0,0,16863,4:41:03,FALSE,,FALSE,60,60,50,4,0.9259259259259259,8,8,0.7142857142857143
876,2019,17,96,He'e Nalu,women - unlimited,Women,Unlimited,Open,He'e Nalu,women - unlimited,96,4:42:41,4:42:41,16961,4:42:41,0,0,16961,4:42:41,FALSE,,FALSE,60,60,50,4,0.9259259259259259,23,23,0.6818181818181819
877,2019,18,85,Hui Wa'a Outrigger Canoe Club,women - senior masters unlimited,Women,Unlimited,Senior Masters,Hui Waa Outrigger Canoe Club,women - senior masters ul,85,4:42:55,4:42:55,16975,4:42:55,0,0,16975,4:42:55,FALSE,,FALSE,60,60,50,4,0.9259259259259259,6,6,1
878,2019,19,616,Santa Barbara Outrigger Canoe Club,women - unlimited,Women,Unlimited,Open,Santa Barbara Outrigger Canoe Club,women - unlimited,616,4:43:34,4:43:34,17014,4:43:34,0,0,17014,4:43:34,FALSE,,TRUE,60,60,50,4,0.9259259259259259,23,23,0.6363636363636364
879,2019,20,144,San Diego Outrigger Canoe Club,women - unlimited,Women,Unlimited,Open,San Diego Outrigger Canoe Club,women - unlimited,144,4:43:44,4:43:44,17024,4:43:44,0,0,17024,4:43:44,FALSE,,FALSE,60,60,50,4,0.9259259259259259,23,23,0.5909090909090908
880,2019,21,83,Hokuloa Outrigger Canoe Club,women - senior masters unlimited,Women,Unlimited,Senior Masters,Hokuloa Outrigger Canoe Club,women - senior masters ul,83,4:46:22,4:46:22,17182,4:46:22,0,0,17182,4:46:22,FALSE,,FALSE,60,60,50,4,0.9259259259259259,6,6,0.8
881,2019,22,335,New York Outrigger,co-ed - open,Co-Ed,Other,Open,New York Outrigger,co-ed - open,335,4:47:37,4:47:37,17257,4:47:37,0,0,17257,4:47:37,FALSE,,FALSE,60,60,50,4,0.9259259259259259,2,2,1
882,2019,23,217,Na Leo O'Ke Kai,co-ed - open unlimited,Co-Ed,Unlimited,Open,Na Leo O Ke Kai,co-ed - open ul,217,4:48:03,4:48:03,17283,4:48:03,0,0,17283,4:48:03,FALSE,,FALSE,60,60,50,4,0.9259259259259259,13,13,0.5
883,2019,24,320,Oceanside Outrigger Canoe Club,women - unlimited,Women,Unlimited,Open,Oceanside Outrigger Canoe Club,women - unlimited,320,4:48:41,4:48:41,17321,4:48:41,0,0,17321,4:48:41,FALSE,,FALSE,60,60,50,4,0.9259259259259259,23,23,0.5454545454545454
884,2019,25,137,Marina del Rey Outrigger Canoe Club,women - unlimited,Women,Unlimited,Open,Marina del Rey Outrigger Canoe Club,women - unlimited,137,4:49:40,4:49:40,17380,4:49:40,0,0,17380,4:49:40,FALSE,,FALSE,60,60,50,4,0.9259259259259259,23,23,0.5
885,2019,26,424,Kai Elua Outrigger Canoe Club,women - masters unlimited,Women,Unlimited,Masters,Kai Elua Outrigger Canoe Club,women - masters ul,424,4:50:40,4:50:40,17440,4:50:40,0,0,17440,4:50:40,FALSE,,FALSE,60,60,50,4,0.9259259259259259,8,8,0.5714285714285714
886,2019,27,562,Kahakai Outrigger Canoe Club,co-ed - open unlimited,Co-Ed,Unlimited,Open,Kahakai Outrigger Canoe Club,co-ed - open ul,562,4:51:27,4:51:27,17487,4:51:27,0,0,17487,4:51:27,FALSE,,FALSE,60,60,50,4,0.9259259259259259,13,13,0.41666666666666663
887,2019,28,888,Imua Outrigger Canoe Club,women - masters unlimited,Women,Unlimited,Masters,Imua Outrigger Canoe Club,women - masters ul,888,4:54:33,4:54:33,17673,4:54:33,0,0,17673,4:54:33,FALSE,,FALSE,60,60,50,4,0.9259259259259259,8,8,0.4285714285714286
888,2019,29,80,Newport Aquatic Center (NAC),co-ed - open unlimited,Co-Ed,Unlimited,Open,Newport Aquatic Center (NAC),co-ed - open ul,80,4:55:37,4:55:37,17737,4:55:37,0,0,17737,4:55:37,FALSE,,FALSE,60,60,50,4,0.9259259259259259,13,13,0.33333333333333337
889,2019,30,54,West Coast Spring Chickens,women - senior masters unlimited,Women,Unlimited,Senior Masters,West Coast Spring Chickens,women - senior masters ul,54,4:57:24,4:57:24,17844,4:57:24,0,0,17844,4:57:24,FALSE,,FALSE,60,60,50,4,0.9259259259259259,6,6,0.6
890,2019,31,323,Kana Lui Miami Outrigger Canoe Club,women - masters unlimited,Women,Unlimited,Masters,Kana Lui Miami Outrigger Canoe Club,women - masters ul,323,4:57:52,4:57:52,17872,4:57:52,0,0,17872,4:57:52,FALSE,,FALSE,60,60,50,4,0.9259259259259259,8,8,0.2857142857142857
891,2019,32,43,Pale Kai Outrigger Canoe Club,women - unlimited,Women,Unlimited,Open,Pale Kai Outrigger Canoe Club,women - unlimited,43,4:57:54,4:57:54,17874,4:57:54,0,0,17874,4:57:54,FALSE,,FALSE,60,60,50,4,0.9259259259259259,23,23,0.4545454545454546
892,2019,33,411,Lanakila Outrigger Canoe Club,women - senior masters unlimited,Women,Unlimited,Senior Masters,Lanakila Outrigger Canoe Club,women - senior masters ul,411,4:59:59,4:59:59,17999,4:59:59,0,0,17999,4:59:59,FALSE,,FALSE,60,60,50,4,0.9259259259259259,6,6,0.4
893,2019,34,132,Washington Canoe Club,women - spec,Women,Spec,Open,Washington Canoe Club,women - spec,132,5:00:33,5:00:33,18033,5:00:33,0,0,18033,5:00:33,FALSE,,FALSE,60,60,50,4,0.9259259259259259,4,4,1
894,2019,35,564,Kahakai Outrigger Canoe Club,women - unlimited,Women,Unlimited,Open,Kahakai Outrigger Canoe Club,women - unlimited,564,5:01:34,5:01:34,18094,5:01:34,0,0,18094,5:01:34,FALSE,,FALSE,60,60,50,4,0.9259259259259259,23,23,0.40909090909090906
895,2019,36,122X,Ho'okahi Puuwai Outrigger Canoe Clu,co-ed - open unlimited,Co-Ed,Unlimited,Open,Ho'okahi Puuwai Outrigger Canoe Clu,co-ed - open ul,122X,5:03:20,5:03:20,18200,5:03:20,0,0,18200,5:03:20,FALSE,,FALSE,60,60,50,4,0.9259259259259259,13,13,0.25
896,2019,37,919,Santa Barbara Outrigger Canoe Club,women - unlimited,Women,Unlimited,Open,Santa Barbara Outrigger Canoe Club,women - unlimited,919,5:03:53,5:03:53,18233,5:03:53,0,0,18233,5:03:53,FALSE,,TRUE,60,60,50,4,0.9259259259259259,23,23,0.36363636363636365
897,2019,38,499,Hanohano Outrigger Canoe Club,women - masters unlimited,Women,Unlimited,Masters,Hanohano Outrigger Canoe Club,women - masters ul,499,5:04:33,5:04:33,18273,5:04:33,0,0,18273,5:04:33,FALSE,,FALSE,60,60,50,4,0.9259259259259259,8,8,0.1428571428571429
898,2019,39,7,Imua Outrigger Canoe Club,co-ed - open unlimited,Co-Ed,Unlimited,Open,Imua Outrigger Canoe Club,co-ed - open ul,7,5:04:46,5:04:46,18286,5:04:46,0,0,18286,5:04:46,FALSE,,FALSE,60,60,50,4,0.9259259259259259,13,13,0.16666666666666663
899,2019,40,126,Dana Outrigger Canoe Club,co-ed - juniors (long),Co-Ed,Other,Juniors,Dana Outrigger Canoe Club,co-ed - juniors (long),126,5:06:01,5:06:01,18361,5:06:01,0,0,18361,5:06:01,FALSE,,FALSE,60,60,50,4,0.9259259259259259,1,1,
900,2019,41,409,Lanakila Outrigger Canoe Club,women - 19 & under,Women,Other,19 & Under,Lanakila Outrigger Canoe Club,women - 19 & under,409,5:06:26,5:06:26,18386,5:06:26,0,0,18386,5:06:26,FALSE,,FALSE,60,60,50,4,0.9259259259259259,3,3,1
901,2019,42,300,Newport Aquatic Center (NAC),women - spec,Women,Spec,Open,Newport Aquatic Center (NAC),women - spec,300,5:08:21,5:08:21,18501,5:08:21,0,0,18501,5:08:21,FALSE,,FALSE,60,60,50,4,0.9259259259259259,4,4,0.6666666666666667
902,2019,43,91,Kai Elua Outrigger Canoe Club,women - unlimited,Women,Unlimited,Open,Kai Elua Outrigger Canoe Club,women - unlimited,91,5:10:03,5:10:03,18603,5:10:03,0,0,18603,5:10:03,FALSE,,FALSE,60,60,50,4,0.9259259259259259,23,23,0.31818181818181823
903,2019,44,109X,San Francisco Outrigger Canoe Club,women - senior masters unlimited,Women,Unlimited,Senior Masters,San Francisco Outrigger Canoe Club,women - senior masters ul,109X,5:10:34,5:10:34,18634,5:10:34,0,0,18634,5:10:34,FALSE,,FALSE,60,60,50,4,0.9259259259259259,6,6,0.19999999999999996
904,2019,45,299,Hanohano Outrigger Canoe Club,women - unlimited,Women,Unlimited,Open,Hanohano Outrigger Canoe Club,women - unlimited,299,5:11:25,5:11:25,18685,5:11:25,0,0,18685,5:11:25,FALSE,,FALSE,60,60,50,4,0.9259259259259259,23,23,0.2727272727272727
905,2019,46,23,Dana Outrigger Canoe Club,women - senior masters unlimited,Women,Unlimited,Senior Masters,Dana Outrigger Canoe Club,women - senior masters ul,23,5:13:03,5:13:03,18783,5:13:03,0,0,18783,5:13:03,FALSE,,FALSE,60,60,50,4,0.9259259259259259,6,6,0
906,2019,47,178,Imua Outrigger Canoe Club,co-ed - open unlimited,Co-Ed,Unlimited,Open,Imua Outrigger Canoe Club,co-ed - open ul,178,5:13:14,5:13:14,18794,5:13:14,0,0,18794,5:13:14,FALSE,,FALSE,60,60,50,4,0.9259259259259259,13,13,0.08333333333333337
907,2019,48,146,San Diego Outrigger Canoe Club,women - unlimited,Women,Unlimited,Open,San Diego Outrigger Canoe Club,women - unlimited,146,5:13:42,5:13:42,18822,5:13:42,0,0,18822,5:13:42,FALSE,,FALSE,60,60,50,4,0.9259259259259259,23,23,0.2272727272727273
908,2019,49,303,Golden State Outrigger,women - spec,Women,Spec,Open,Golden State Outrigger,women - spec,303,5:16:17,5:16:17,18977,5:16:17,0,0,18977,5:16:17,FALSE,,FALSE,60,60,50,4,0.9259259259259259,4,4,0.33333333333333337
909,2019,50,334,False Creek Racing Canoe Club,co-ed - open,Co-Ed,Other,Open,False Creek Racing Canoe Club,co-ed - open,334,5:17:37,5:17:37,19057,5:17:37,0,0,19057,5:17:37,FALSE,,FALSE,60,60,50,4,0.9259259259259259,2,2,0
910,2019,51,116,Lanakila Outrigger Canoe Club,women - spec,Women,Spec,Open,Lanakila Outrigger Canoe Club,women - spec,116,5:19:36,5:19:36,19176,5:19:36,0,0,19176,5:19:36,FALSE,,FALSE,60,60,50,4,0.9259259259259259,4,4,0
911,2019,52,2,Dana Outrigger Canoe Club,women - 19 & under,Women,Other,19 & Under,Dana Outrigger Canoe Club,women - 19 & under,2,5:20:06,5:20:06,19206,5:20:06,0,0,19206,5:20:06,FALSE,,FALSE,60,60,50,4,0.9259259259259259,3,3,0.5
912,2019,53,133,Marina del Rey Outrigger Canoe Club,women - unlimited,Women,Unlimited,Open,Marina del Rey Outrigger Canoe Club,women - unlimited,133,5:21:31,5:21:31,19291,5:21:31,0,0,19291,5:21:31,FALSE,,FALSE,60,60,50,4,0.9259259259259259,23,23,0.18181818181818177
913,2019,54,191,Oceanside Outrigger Canoe Club,women - masters unlimited,Women,Unlimited,Masters,Oceanside Outrigger Canoe Club,women - masters ul,191,5:22:25,5:22:25,19345,5:22:25,0,0,19345,5:22:25,FALSE,,FALSE,60,60,50,4,0.9259259259259259,8,8,0
914,2019,55,90,Kai Elua Outrigger Canoe Club,co-ed - open unlimited,Co-Ed,Unlimited,Open,Kai Elua Outrigger Canoe Club,co-ed - open ul,90,5:24:50,5:24:50,19490,5:24:50,0,0,19490,5:24:50,FALSE,,FALSE,60,60,50,4,0.9259259259259259,13,13,0
915,2019,56,38,Hokuloa Outrigger Canoe Club,women - unlimited,Women,Unlimited,Open,Hokuloa Outrigger Canoe Club,women - unlimited,38,5:25:23,5:25:23,19523,5:25:23,0,0,19523,5:25:23,FALSE,,FALSE,60,60,50,4,0.9259259259259259,23,23,0.13636363636363635
916,2019,57,410,Lanakila Outrigger Canoe Club,women - unlimited,Women,Unlimited,Open,Lanakila Outrigger Canoe Club,women - unlimited,410,5:26:16,5:26:16,19576,5:26:16,0,0,19576,5:26:16,FALSE,,FALSE,60,60,50,4,0.9259259259259259,23,23,0.09090909090909094
917,2019,58,333,Lanakila Outrigger Canoe Club,women - 19 & under,Women,Other,19 & Under,Lanakila Outrigger Canoe Club,women - 19 & under,333,5:26:40,5:26:40,19600,5:26:40,0,0,19600,5:26:40,FALSE,,FALSE,60,60,50,4,0.9259259259259259,3,3,0
918,2019,59,17,Dana Outrigger Canoe Club,women - unlimited,Women,Unlimited,Open,Dana Outrigger Canoe Club,women - unlimited,17,5:29:17,5:29:17,19757,5:29:17,0,0,19757,5:29:17,FALSE,,FALSE,60,60,50,4,0.9259259259259259,23,23,0.045454545454545414
919,2019,60,563,Kahakai Outrigger Canoe Club,women - unlimited,Women,Unlimited,Open,Kahakai Outrigger Canoe Club,women - unlimited,563,5:42:37,5:42:37,20557,5:42:37,0,0,20557,5:42:37,FALSE,,FALSE,60,60,50,4,0.9259259259259259,23,23,0
180,2021,1,88,Newport Aquatic Center (NAC),co-ed - open unlimited,Co-Ed,Unlimited,Open,Newport Aquatic Center (NAC),Co-Ed - Open UL,88,4:15:40,4:15:40,15340,4:15:40,0,0,15340,4:15:40,FALSE,,FALSE,32,32,29,0,1,11,11,1
181,2021,2,138,Marina del Rey Outrigger Canoe Club,co-ed - open unlimited,Co-Ed,Unlimited,Open,Marina del Rey Outrigger Canoe Club,Co-Ed - Open UL,138,4:16:05,4:16:05,15365,4:16:05,0,0,15365,4:16:05,FALSE,,FALSE,32,32,29,0,1,11,11,0.9
182,2021,3,1,Dana Outrigger Canoe Club,women - unlimited,Women,Unlimited,Open,Dana Outrigger Canoe Club,Women - Unlimited,1,4:21:58,4:21:58,15718,4:21:58,0,0,15718,4:21:58,FALSE,,FALSE,32,32,29,0,1,11,11,1
183,2021,4,90,Outrigger Canoe Club,women - unlimited,Women,Unlimited,Open,Outrigger Canoe Club,Women - Unlimited,90,4:23:40,4:23:40,15820,4:23:40,0,0,15820,4:23:40,FALSE,,FALSE,32,32,29,0,1,11,11,0.9
184,2021,5,23X,O Kalani Outrigger Canoe Club,co-ed - open unlimited,Co-Ed,Unlimited,Open,O Kalani Outrigger Canoe Club,Co-Ed - Open UL,23X,4:25:32,4:25:32,15932,4:25:32,0,0,15932,4:25:32,FALSE,,FALSE,32,32,29,0,1,11,11,0.8
185,2021,6,566,Kahakai Outrigger Canoe Club,co-ed - open unlimited,Co-Ed,Unlimited,Open,Kahakai Outrigger Canoe Club,Co-Ed - Open UL,566,4:34:17,4:34:17,16457,4:34:17,0,0,16457,4:34:17,FALSE,,FALSE,32,32,29,0,1,11,11,0.7
186,2021,7,320,Kawaihae Surf Park,women - unlimited,Women,Unlimited,Open,Kawaihae Surf Park,Women - Unlimited,320,4:34:53,4:34:53,16493,4:34:53,0,0,16493,4:34:53,FALSE,,FALSE,32,32,29,0,1,11,11,0.8
187,2021,8,23,Dana Outrigger Canoe Club,co-ed - juniors (long),Co-Ed,Other,Juniors,Dana Outrigger Canoe Club,Co-Ed - Juniors (Long),23,4:36:14,4:36:14,16574,4:36:14,0,0,16574,4:36:14,FALSE,,FALSE,32,32,29,0,1,1,1,
188,2021,9,399,Hanohano Outrigger Canoe Club,women - unlimited,Women,Unlimited,Open,Hanohano Outrigger Canoe Club,Women - Unlimited,399,4:39:33,4:39:33,16773,4:39:33,0,0,16773,4:39:33,FALSE,,FALSE,32,32,29,0,1,11,11,0.7
189,2021,10,414,Lanakila Outrigger Canoe Club,women - unlimited,Women,Unlimited,Open,Lanakila Outrigger Canoe Club,Women - Unlimited,414,4:40:56,4:40:56,16856,4:40:56,0,0,16856,4:40:56,FALSE,,FALSE,32,32,29,0,1,11,11,0.6
190,2021,11,109X,San Francisco Outrigger Canoe Club,women - unlimited,Women,Unlimited,Open,San Francisco Outrigger Canoe Club,Women - Unlimited,109X,4:42:56,4:42:56,16976,4:42:56,0,0,16976,4:42:56,FALSE,,FALSE,32,32,29,0,1,11,11,0.5
191,2021,12,30,Dana Outrigger Canoe Club,women - unlimited,Women,Unlimited,Open,Dana Outrigger Canoe Club,Women - Unlimited,30,4:43:12,4:43:12,16992,4:43:12,0,0,16992,4:43:12,FALSE,,FALSE,32,32,29,0,1,11,11,0.4
192,2021,13,,Tahoe Waterman,co-ed - open unlimited,Co-Ed,Unlimited,Open,Tahoe Waterman,Co-Ed - Open UL,,4:44:22,4:44:22,17062,4:44:22,0,0,17062,4:44:22,FALSE,,FALSE,32,32,29,0,1,11,11,0.6
193,2021,14,80,Newport Aquatic Center (NAC),co-ed - open unlimited,Co-Ed,Unlimited,Open,Newport Aquatic Center (NAC),Co-Ed - Open UL,80,4:52:41,4:52:41,17561,4:52:41,0,0,17561,4:52:41,FALSE,,FALSE,32,32,29,0,1,11,11,0.5
194,2021,15,375,Newport Aquatic Center (NAC),women - masters unlimited,Women,Unlimited,Masters,Newport Aquatic Center (NAC),Women - Masters UL,375,4:53:41,4:53:41,17621,4:53:41,0,0,17621,4:53:41,FALSE,,FALSE,32,32,29,0,1,2,2,1
195,2021,16,333,Newport Aquatic Center (NAC),co-ed - sr masters unlimited,Co-Ed,Unlimited,Masters,Newport Aquatic Center (NAC),Co-Ed - Sr Masters UL,333,4:54:46,4:54:46,17686,4:54:46,0,0,17686,4:54:46,FALSE,,FALSE,32,32,29,0,1,1,1,
196,2021,17,137,Hanohano Outrigger Canoe Club,co-ed - open unlimited,Co-Ed,Unlimited,Open,Hanohano Outrigger Canoe Club,Co-Ed - Open UL,137,4:57:45,4:57:45,17865,4:57:45,0,0,17865,4:57:45,FALSE,,FALSE,32,32,29,0,1,11,11,0.4
197,2021,18,6,Kailua Canoe Club,women - golden masters unlimited,Women,Unlimited,Golden Masters,Kailua Canoe Club,Women - Golden Masters UL,6,4:59:40,4:59:40,17980,4:59:40,0,0,17980,4:59:40,FALSE,,FALSE,32,32,29,0,1,3,3,1
198,2021,19,146,San Diego Outrigger Canoe Club,women - unlimited,Women,Unlimited,Open,San Diego Outrigger Canoe Club,Women - Unlimited,146,5:04:42,5:04:42,18282,5:04:42,0,0,18282,5:04:42,FALSE,,FALSE,32,32,29,0,1,11,11,0.30000000000000004
199,2021,20,38,Hokuloa Outrigger Canoe Club,women - golden masters unlimited,Women,Unlimited,Golden Masters,Hokuloa Outrigger Canoe Club,Women - Golden Masters UL,38,5:05:30,5:05:30,18330,5:05:30,0,0,18330,5:05:30,FALSE,,FALSE,32,32,29,0,1,3,3,0.5
200,2021,21,178,Imua Outrigger Canoe Club,co-ed - open unlimited,Co-Ed,Unlimited,Open,Imua Outrigger Canoe Club,Co-Ed - Open UL,178,5:05:45,5:05:45,18345,5:05:45,0,0,18345,5:05:45,FALSE,,FALSE,32,32,29,0,1,11,11,0.30000000000000004
201,2021,22,412,Lanakila Outrigger Canoe Club,women - masters unlimited,Women,Unlimited,Masters,Lanakila Outrigger Canoe Club,Women - Masters UL,412,5:05:46,5:05:46,18346,5:05:46,0,0,18346,5:05:46,FALSE,,FALSE,32,32,29,0,1,2,2,0
202,2021,23,411,Outrigger Canoe Club,women - 19 & under,Women,Other,19 & Under,Outrigger Canoe Club,Women - 19 & Under,411,5:08:47,5:08:47,18527,5:08:47,0,0,18527,5:08:47,FALSE,,FALSE,32,32,29,0,1,2,2,1
203,2021,24,410,9th Island Outrigger Canoe Club,co-ed - open unlimited,Co-Ed,Unlimited,Open,9th Island Outrigger Canoe Club,Co-Ed - Open UL,410,5:09:04,5:09:04,18544,5:09:04,0,0,18544,5:09:04,FALSE,,FALSE,32,32,29,0,1,11,11,0.19999999999999996
204,2021,25,54,Offshore Outrigger Canoe Club,co-ed - open unlimited,Co-Ed,Unlimited,Open,Offshore Outrigger Canoe Club,Co-Ed - Open UL,54,5:09:30,5:09:30,18570,5:09:30,0,0,18570,5:09:30,FALSE,,FALSE,32,32,29,0,1,11,11,0.09999999999999998
205,2021,26,888,Hui Wa'a Outrigger Canoe Club,women - golden masters unlimited,Women,Unlimited,Golden Masters,Hui Wa’a Outrigger Canoe Club,Women - Golden Masters UL,888,5:10:26,5:10:26,18626,5:10:26,0,0,18626,5:10:26,FALSE,,FALSE,32,32,29,0,1,3,3,0
206,2021,27,499,Hanohano Outrigger Canoe Club,women - unlimited,Women,Unlimited,Open,Hanohano Outrigger Canoe Club,Women - Unlimited,499,5:15:42,5:15:42,18942,5:15:42,0,0,18942,5:15:42,FALSE,,FALSE,32,32,29,0,1,11,11,0.19999999999999996
207,2021,28,565,Kahakai Outrigger Canoe Club,co-ed - masters unlimited,Co-Ed,Unlimited,Masters,Kahakai Outrigger Canoe Club,Co-Ed - Masters UL,565,5:19:42,5:19:42,19182,5:19:42,0,0,19182,5:19:42,FALSE,,FALSE,32,32,29,0,1,1,1,
208,2021,29,60X,Rikkole Cree Canoe Club,women - unlimited,Women,Unlimited,Open,Rikkole Cree Canoe Club,Women - Unlimited,60X,5:20:17,5:20:17,19217,5:20:17,0,0,19217,5:20:17,FALSE,,FALSE,32,32,29,0,1,11,11,0.09999999999999998
209,2021,30,153X,San Francisco Outrigger Canoe Club,women - unlimited,Women,Unlimited,Open,San Francisco Outrigger Canoe Club,Women - Unlimited,153X,5:28:58,5:28:58,19738,5:28:58,0,0,19738,5:28:58,FALSE,,FALSE,32,32,29,0,1,11,11,0
210,2021,31,409,Lanakila Outrigger Canoe Club,women - 19 & under,Women,Other,19 & Under,Lanakila Outrigger Canoe Club,Women - 19 & Under,409,5:36:27,5:36:27,20187,5:36:27,0,0,20187,5:36:27,FALSE,,FALSE,32,32,29,0,1,2,2,0
211,2021,32,7,Imua Outrigger Canoe Club,co-ed - open unlimited,Co-Ed,Unlimited,Open,Imua Outrigger Canoe Club,Co-Ed - Open UL,7,5:57:57,5:57:57,21477,5:57:57,0,0,21477,5:57:57,FALSE,,FALSE,32,32,29,0,1,11,11,0
129,2022,1,150,Kai Wai Northbay,co-ed - open unlimited,Co-Ed,Unlimited,Open,Kai Wai Northbay,Co-Ed - Open UL,150,2:45:20,2:45:20,9920,2:45:20,0,0,9920,2:45:20,FALSE,,FALSE,51,51,47,0,1,13,13,1
130,2022,2,6,Dana Outrigger Canoe Club,women - unlimited,Women,Unlimited,Open,Dana Outrigger Canoe Club,Women - Unlimited,6,2:45:29,2:45:29,9929,2:45:29,0,0,9929,2:45:29,FALSE,,FALSE,51,51,47,0,1,25,25,1
131,2022,3,45,Hui Nalu,women - unlimited,Women,Unlimited,Open,Hui Nalu,Women - Unlimited,45,2:46:55,2:46:55,10015,2:46:55,0,0,10015,2:46:55,FALSE,,FALSE,51,51,47,0,1,25,25,0.9583333333333334
132,2022,4,767,Na Leo O'Ke Kai,co-ed - open unlimited,Co-Ed,Unlimited,Open,Na Leo O Ke Kai,Co-Ed - Open UL,767,2:49:30,2:49:30,10170,2:49:30,0,0,10170,2:49:30,FALSE,,FALSE,51,51,47,0,1,13,13,0.9166666666666666
133,2022,5,415,Lanakila Outrigger Canoe Club,women - unlimited,Women,Unlimited,Open,Lanakila Outrigger Canoe Club,Women - Unlimited,415,2:50:54,2:50:54,10254,2:50:54,0,0,10254,2:50:54,FALSE,,FALSE,51,51,47,0,1,25,25,0.9166666666666666
134,2022,6,616,Santa Barbara Outrigger Canoe Club,women - unlimited,Women,Unlimited,Open,Santa Barbara Outrigger Canoe Club,Women - Unlimited,616,2:51:52,2:51:52,10312,2:51:52,0,0,10312,2:51:52,FALSE,,TRUE,51,51,47,0,1,25,25,0.875
135,2022,7,564,Newport Aquatic Center (NAC),co-ed - open unlimited,Co-Ed,Unlimited,Open,Newport Aquatic Center (NAC),Co-Ed - Open UL,564,2:52:52,2:52:52,10372,2:52:52,0,0,10372,2:52:52,FALSE,,FALSE,51,51,47,0,1,13,13,0.8333333333333334
136,2022,8,566,Kahakai Outrigger Canoe Club,women - unlimited,Women,Unlimited,Open,Kahakai Outrigger Canoe Club,Women - Unlimited,566,2:53:06,2:53:06,10386,2:53:06,0,0,10386,2:53:06,FALSE,,FALSE,51,51,47,0,1,25,25,0.8333333333333334
137,2022,9,757,Kawaihae Surf Park,women - unlimited,Women,Unlimited,Open,Kawaihae Surf Park,Women - Unlimited,757,2:53:23,2:53:23,10403,2:53:23,0,0,10403,2:53:23,FALSE,,FALSE,51,51,47,0,1,25,25,0.7916666666666666
138,2022,10,1,Dana Outrigger Canoe Club,women - masters unlimited,Women,Unlimited,Masters,Dana Outrigger Canoe Club,Women - Masters UL,1,2:53:29,2:53:29,10409,2:53:29,0,0,10409,2:53:29,FALSE,,FALSE,51,51,47,0,1,5,5,1
139,2022,11,109x,San Francisco Outrigger Canoe Club,women - unlimited,Women,Unlimited,Open,San Francisco Outrigger Canoe Club,Women - Unlimited,109x,2:54:12,2:54:12,10452,2:54:12,0,0,10452,2:54:12,FALSE,,FALSE,51,51,47,0,1,25,25,0.75
140,2022,12,409,Healani Canoe Club,women - masters unlimited,Women,Unlimited,Masters,Healani Canoe Club,Women - Masters UL,409,2:55:01,2:55:01,10501,2:55:01,0,0,10501,2:55:01,FALSE,,FALSE,51,51,47,0,1,5,5,0.75
141,2022,13,43,Kilohana Outrigger Canoe Club,co-ed - open unlimited,Co-Ed,Unlimited,Open,Kilohana OCC,Co-Ed - Open UL,43,2:56:47,2:56:47,10607,2:56:47,0,0,10607,2:56:47,FALSE,,FALSE,51,51,47,0,1,13,13,0.75
142,2022,14,38,Hokuloa Outrigger Canoe Club,co-ed - open unlimited,Co-Ed,Unlimited,Open,Hokuloa Outrigger Canoe Club,Co-Ed - Open UL,38,2:56:50,2:56:50,10610,2:56:50,0,0,10610,2:56:50,FALSE,,FALSE,51,51,47,0,1,13,13,0.6666666666666667
143,2022,15,79,Newport Aquatic Center (NAC),women - masters unlimited,Women,Unlimited,Masters,Newport Aquatic Center (NAC),Women - Masters UL,79,2:57:52,2:57:52,10672,2:57:52,0,0,10672,2:57:52,FALSE,,FALSE,51,51,47,0,1,5,5,0.5
144,2022,16,54,Offshore Outrigger Canoe Club,co-ed - open unlimited,Co-Ed,Unlimited,Open,Offshore Outrigger Canoe Club,Co-Ed - Open UL,54,2:59:52,2:59:52,10792,2:59:52,0,0,10792,2:59:52,FALSE,,FALSE,51,51,47,0,1,13,13,0.5833333333333333
145,2022,17,565,Kahakai Outrigger Canoe Club,co-ed - open unlimited,Co-Ed,Unlimited,Open,Kahakai Outrigger Canoe Club,Co-Ed - Open UL,565,3:00:16,3:00:16,10816,3:00:16,0,0,10816,3:00:16,FALSE,,FALSE,51,51,47,0,1,13,13,0.5
146,2022,18,7,Seattle Outrigger Canoe Club,co-ed - open unlimited,Co-Ed,Unlimited,Open,Seattle Outrigger Canoe Club,Co-Ed - Open UL,7,3:00:31,3:00:31,10831,3:00:31,0,0,10831,3:00:31,FALSE,,FALSE,51,51,47,0,1,13,13,0.41666666666666663
147,2022,19,416,Lanakila Outrigger Canoe Club,women - masters unlimited,Women,Unlimited,Masters,Lanakila Outrigger Canoe Club,Women - Masters UL,416,3:01:27,3:01:27,10887,3:01:27,0,0,10887,3:01:27,FALSE,,FALSE,51,51,47,0,1,5,5,0.25
148,2022,20,737,Newport Outrigger Canoe Club,women - unlimited,Women,Unlimited,Open,Newport Outrigger Canoe Club,Women - Unlimited,737,3:02:02,3:02:02,10922,3:02:02,0,0,10922,3:02:02,FALSE,,FALSE,51,51,47,0,1,25,25,0.7083333333333333
149,2022,21,138,Marina del Rey Outrigger Canoe Club,women - unlimited,Women,Unlimited,Open,Marina del Rey Outrigger Canoe Club,Women - Unlimited,138,3:04:06,3:04:06,11046,3:04:06,0,0,11046,3:04:06,FALSE,,FALSE,51,51,47,0,1,25,25,0.6666666666666667
150,2022,22,336,Newport Outrigger Canoe Club,co-ed - juniors (long),Co-Ed,Other,Juniors,Newport Outrigger Canoe Club,Co-Ed - Juniors (Long),336,3:04:33,3:04:33,11073,3:04:33,0,0,11073,3:04:33,FALSE,,FALSE,51,51,47,0,1,3,3,1
151,2022,23,30,Dana Outrigger Canoe Club,co-ed - juniors (long),Co-Ed,Other,Juniors,Dana Outrigger Canoe Club,Co-Ed - Juniors (Long),30,3:05:46,3:05:46,11146,3:05:46,0,0,11146,3:05:46,FALSE,,FALSE,51,51,47,0,1,3,3,0.5
152,2022,24,146,San Diego Outrigger Canoe Club,women - unlimited,Women,Unlimited,Open,San Diego Outrigger Canoe Club,Women - Unlimited,146,3:06:42,3:06:42,11202,3:06:42,0,0,11202,3:06:42,FALSE,,FALSE,51,51,47,0,1,25,25,0.625
153,2022,25,333,Seattle Outrigger Canoe Club,co-ed - open unlimited,Co-Ed,Unlimited,Open,Seattle Outrigger Canoe Club,Co-Ed - Open UL,333,3:08:27,3:08:27,11307,3:08:27,0,0,11307,3:08:27,FALSE,,FALSE,51,51,47,0,1,13,13,0.33333333333333337
154,2022,26,17,Dana Outrigger Canoe Club,co-ed - open unlimited,Co-Ed,Unlimited,Open,Dana Outrigger Canoe Club,Co-Ed - Open UL,17,3:08:51,3:08:51,11331,3:08:51,0,0,11331,3:08:51,FALSE,,FALSE,51,51,47,0,1,13,13,0.25
155,2022,27,399,Hanohano Outrigger Canoe Club,women - unlimited,Women,Unlimited,Open,Hanohano Outrigger Canoe Club,Women - Unlimited,399,3:09:33,3:09:33,11373,3:09:33,0,0,11373,3:09:33,FALSE,,FALSE,51,51,47,0,1,25,25,0.5833333333333333
156,2022,28,375,Newport Aquatic Center (NAC),co-ed - open unlimited,Co-Ed,Unlimited,Open,Newport Aquatic Center (NAC),Co-Ed - Open UL,375,3:10:52,3:10:52,11452,3:10:52,0,0,11452,3:10:52,FALSE,,FALSE,51,51,47,0,1,13,13,0.16666666666666663
157,2022,29,83,Hokuloa Outrigger Canoe Club,women - senior masters unlimited,Women,Unlimited,Senior Masters,Hokuloa Outrigger Canoe Club,Women - Senior Masters UL,83,3:11:28,3:11:28,11488,3:11:28,0,0,11488,3:11:28,FALSE,,FALSE,51,51,47,0,1,3,3,1
158,2022,30,414,Lanakila Outrigger Canoe Club,women - unlimited,Women,Unlimited,Open,Lanakila Outrigger Canoe Club,Women - Unlimited,414,3:12:10,3:12:10,11530,3:12:10,0,0,11530,3:12:10,FALSE,,FALSE,51,51,47,0,1,25,25,0.5416666666666667
159,2022,31,919,Santa Barbara Outrigger Canoe Club,women - unlimited,Women,Unlimited,Open,Santa Barbara Outrigger Canoe Club,Women - Unlimited,919,3:12:24,3:12:24,11544,3:12:24,0,0,11544,3:12:24,FALSE,,TRUE,51,51,47,0,1,25,25,0.5
160,2022,32,191,Oceanside Outrigger Canoe Club,women - unlimited,Women,Unlimited,Open,Oceanside Outrigger Canoe Club,Women - Unlimited,191,3:13:12,3:13:12,11592,3:13:12,0,0,11592,3:13:12,FALSE,,FALSE,51,51,47,0,1,25,25,0.45833333333333337
161,2022,33,320,Lanakila Outrigger Canoe Club,co-ed - juniors (long),Co-Ed,Other,Juniors,Lanakila Outrigger Canoe Club,Co-Ed - Juniors (Long),320,3:14:03,3:14:03,11643,3:14:03,0,0,11643,3:14:03,FALSE,,FALSE,51,51,47,0,1,3,3,0
162,2022,34,90,Kai Elua Outrigger Canoe Club,women - unlimited,Women,Unlimited,Open,Kai Elua Outrigger Canoe Club,Women - Unlimited,90,3:16:21,3:16:21,11781,3:16:21,0,0,11781,3:16:21,FALSE,,FALSE,51,51,47,0,1,25,25,0.41666666666666663
163,2022,35,137,Marina del Rey Outrigger Canoe Club,women - unlimited,Women,Unlimited,Open,Marina del Rey Outrigger Canoe Club,Women - Unlimited,137,3:17:07,3:17:07,11827,3:17:07,0,0,11827,3:17:07,FALSE,,FALSE,51,51,47,0,1,25,25,0.375
164,2022,36,411,Lanakila Outrigger Canoe Club,women - golden masters unlimited,Women,Unlimited,Golden Masters,Lanakila Outrigger Canoe Club,Women - Golden Masters UL,411,3:17:50,3:17:50,11870,3:17:50,0,0,11870,3:17:50,FALSE,,FALSE,51,51,47,0,1,1,1,
165,2022,37,22,Tahoe Waterman,women - unlimited,Women,Unlimited,Open,Tahoe Waterman,Women - Unlimited,22,3:18:27,3:18:27,11907,3:18:27,0,0,11907,3:18:27,FALSE,,FALSE,51,51,47,0,1,25,25,0.33333333333333337
166,2022,38,23X,San Francisco Outrigger Canoe Club,women - senior masters unlimited,Women,Unlimited,Senior Masters,San Francisco Outrigger Canoe Club,Women - Senior Masters UL,23X,3:19:44,3:19:44,11984,3:19:44,0,0,11984,3:19:44,FALSE,,FALSE,51,51,47,0,1,3,3,0.5
167,2022,39,23,Dana Outrigger Canoe Club,women - unlimited,Women,Unlimited,Open,Dana Outrigger Canoe Club,Women - Unlimited,23,3:20:51,3:20:51,12051,3:20:51,0,0,12051,3:20:51,FALSE,,FALSE,51,51,47,0,1,25,25,0.29166666666666663
168,2022,40,88,Newport Aquatic Center (NAC),women - unlimited,Women,Unlimited,Open,Newport Aquatic Center (NAC),Women - Unlimited,88,3:20:57,3:20:57,12057,3:20:57,0,0,12057,3:20:57,FALSE,,FALSE,51,51,47,0,1,25,25,0.25
169,2022,41,562,Kahakai Outrigger Canoe Club,women - senior masters unlimited,Women,Unlimited,Senior Masters,Kahakai Outrigger Canoe Club,Women - Senior Masters UL,562,3:21:12,3:21:12,12072,3:21:12,0,0,12072,3:21:12,FALSE,,FALSE,51,51,47,0,1,3,3,0
170,2022,42,178,Imua Outrigger Canoe Club,co-ed - open unlimited,Co-Ed,Unlimited,Open,Imua Outrigger Canoe Club,Co-Ed - Open UL,178,3:21:58,3:21:58,12118,3:21:58,0,0,12118,3:21:58,FALSE,,FALSE,51,51,47,0,1,13,13,0.08333333333333337
171,2022,43,499,Hanohano Outrigger Canoe Club,women - unlimited,Women,Unlimited,Open,Hanohano Outrigger Canoe Club,Women - Unlimited,499,3:23:14,3:23:14,12194,3:23:14,0,0,12194,3:23:14,FALSE,,FALSE,51,51,47,0,1,25,25,0.20833333333333337
172,2022,44,424,Kai Elua Outrigger Canoe Club,co-ed - open unlimited,Co-Ed,Unlimited,Open,Kai Elua Outrigger Canoe Club,Co-Ed - Open UL,424,3:26:12,3:26:12,12372,3:26:12,0,0,12372,3:26:12,FALSE,,FALSE,51,51,47,0,1,13,13,0
173,2022,45,133,Marina del Rey Outrigger Canoe Club,women - unlimited,Women,Unlimited,Open,Marina del Rey Outrigger Canoe Club,Women - Unlimited,133,3:28:04,3:28:04,12484,3:28:04,0,0,12484,3:28:04,FALSE,,FALSE,51,51,47,0,1,25,25,0.16666666666666663
174,2022,46,563,Kahakai Outrigger Canoe Club,women - unlimited,Women,Unlimited,Open,Kahakai Outrigger Canoe Club,Women - Unlimited,563,3:28:41,3:28:41,12521,3:28:41,0,0,12521,3:28:41,FALSE,,FALSE,51,51,47,0,1,25,25,0.125
175,2022,47,136,Marina del Rey Outrigger Canoe Club,women - masters unlimited,Women,Unlimited,Masters,Marina del Rey Outrigger Canoe Club,Women - Masters UL,136,3:30:00,3:30:00,12600,3:30:00,0,0,12600,3:30:00,FALSE,,FALSE,51,51,47,0,1,5,5,0
176,2022,48,190,Oceanside Outrigger Canoe Club,women - unlimited,Women,Unlimited,Open,Oceanside Outrigger Canoe Club,Women - Unlimited,190,3:32:42,3:32:42,12762,3:32:42,0,0,12762,3:32:42,FALSE,,FALSE,51,51,47,0,1,25,25,0.08333333333333337
177,2022,49,412,Lanakila Outrigger Canoe Club,women - 19 & under,Women,Other,19 & Under,Lanakila Outrigger Canoe Club,Women - 19 & Under,412,3:33:31,3:33:31,12811,3:33:31,0,0,12811,3:33:31,FALSE,,FALSE,51,51,47,0,1,1,1,
178,2022,50,599,Hanohano Outrigger Canoe Club,women - unlimited,Women,Unlimited,Open,Hanohano Outrigger Canoe Club,Women - Unlimited,599,3:34:20,3:34:20,12860,3:34:20,0,0,12860,3:34:20,FALSE,,FALSE,51,51,47,0,1,25,25,0.04166666666666663
179,2022,51,410,Lanakila Outrigger Canoe Club,women - unlimited,Women,Unlimited,Open,Lanakila Outrigger Canoe Club,Women - Unlimited,410,3:36:40,3:36:40,13000,3:36:40,0,0,13000,3:36:40,FALSE,,FALSE,51,51,47,0,1,25,25,0
67,2023,1,949,Newport Outrigger Canoe Club,co-ed - open unlimited,Co-Ed,Unlimited,Open,Newport Outrigger Canoe Club,Co-Ed - Open UL,949,4:21:58,4:21:58,15718,4:21:58,0,0,15718,4:21:58,FALSE,,FALSE,62,62,59,0,1,14,14,1
68,2023,2,35,Dana Outrigger Canoe Club,women - unlimited,Women,Unlimited,Open,Dana Outrigger Canoe Club,Women - Unlimited,35,4:25:35,4:25:35,15935,4:25:35,0,0,15935,4:25:35,FALSE,,FALSE,62,62,59,0,1,31,31,1
69,2023,3,45X,Ka Lahui Kai,women - unlimited,Women,Unlimited,Open,Ka Lahui Kai,Women - Unlimited,45X,4:28:27,4:28:27,16107,4:28:27,0,0,16107,4:28:27,FALSE,,FALSE,62,62,59,0,1,31,31,0.9666666666666667
70,2023,4,40,Newport Outrigger Canoe Club,women - unlimited,Women,Unlimited,Open,Newport Outrigger Canoe Club,Women - Unlimited,40,4:33:59,4:33:59,16439,4:33:59,0,0,16439,4:33:59,FALSE,,FALSE,62,62,59,0,1,31,31,0.9333333333333333
71,2023,5,96,Kai Wai Northbay,co-ed - open unlimited,Co-Ed,Unlimited,Open,Kai Wai Northbay,Co-Ed - Open UL,96,4:34:14,4:34:14,16454,4:34:14,0,0,16454,4:34:14,FALSE,,FALSE,62,62,59,0,1,14,14,0.9230769230769231
72,2023,6,417,Lanakila Outrigger Canoe Club,women - unlimited,Women,Unlimited,Open,Lanakila Outrigger Canoe Club,Women - Unlimited,417,4:43:12,4:43:12,16992,4:43:12,0,0,16992,4:43:12,FALSE,,FALSE,62,62,59,0,1,31,31,0.9
73,2023,7,133,Aloha Unlimited,women - masters unlimited,Women,Unlimited,Masters,Aloha Unlimited,Women - Masters UL,133,4:44:45,4:44:45,17085,4:44:45,0,0,17085,4:44:45,FALSE,,FALSE,62,62,59,0,1,8,8,1
74,2023,8,130,Washington Canoe Club,co-ed - open unlimited,Co-Ed,Unlimited,Open,Washington Canoe Club,Co-Ed - Open UL,130,4:48:15,4:48:15,17295,4:48:15,0,0,17295,4:48:15,FALSE,,FALSE,62,62,59,0,1,14,14,0.8461538461538461
75,2023,9,5326,San Francisco Outrigger Canoe Club,women - unlimited,Women,Unlimited,Open,San Francisco Outrigger Canoe Club,Women - Unlimited,5326,4:48:53,4:48:53,17333,4:48:53,0,0,17333,4:48:53,FALSE,,FALSE,62,62,59,0,1,31,31,0.8666666666666667
76,2023,10,567,Kahakai Outrigger Canoe Club,women - unlimited,Women,Unlimited,Open,Kahakai Outrigger Canoe Club,Women - Unlimited,567,4:50:25,4:50:25,17425,4:50:25,0,0,17425,4:50:25,FALSE,,FALSE,62,62,59,0,1,31,31,0.8333333333333334
77,2023,11,135,Marina del Rey Outrigger Canoe Club,women - unlimited,Women,Unlimited,Open,Marina del Rey Outrigger Canoe Club,Women - Unlimited,135,4:51:10,4:51:10,17470,4:51:10,0,0,17470,4:51:10,FALSE,,FALSE,62,62,59,0,1,31,31,0.8
78,2023,12,1,Dana Outrigger Canoe Club,women - masters unlimited,Women,Unlimited,Masters,Dana Outrigger Canoe Club,Women - Masters UL,1,4:52:04,4:52:04,17524,4:52:04,0,0,17524,4:52:04,FALSE,,FALSE,62,62,59,0,1,8,8,0.8571428571428572
79,2023,13,616,Santa Barbara Outrigger Canoe Club,women - unlimited,Women,Unlimited,Open,Santa Barbara Outrigger Canoe Club,Women - Unlimited,616,4:53:46,4:53:46,17626,4:53:46,0,0,17626,4:53:46,FALSE,,TRUE,62,62,59,0,1,31,31,0.7666666666666666
80,2023,14,111,Imua Outrigger Canoe Club,women - masters unlimited,Women,Unlimited,Masters,Imua Outrigger Canoe Club,Women - Masters UL,111,4:53:54,4:53:54,17634,4:53:54,0,0,17634,4:53:54,FALSE,,FALSE,62,62,59,0,1,8,8,0.7142857142857143
81,2023,15,221,Pale Kai Outrigger Canoe Club,co-ed - open unlimited,Co-Ed,Unlimited,Open,Pale Kai Outrigger Canoe Club,Co-Ed - Open UL,221,4:54:23,4:54:23,17663,4:54:23,0,0,17663,4:54:23,FALSE,,FALSE,62,62,59,0,1,14,14,0.7692307692307692
82,2023,16,38,Hokuloa Outrigger Canoe Club,co-ed - open unlimited,Co-Ed,Unlimited,Open,Hokuloa Outrigger Canoe Club,Co-Ed - Open UL,38,4:55:13,4:55:13,17713,4:55:13,0,0,17713,4:55:13,FALSE,,FALSE,62,62,59,0,1,14,14,0.6923076923076923
83,2023,17,925,Kai Opua Canoe Club,women - unlimited,Women,Unlimited,Open,Kai Opua Canoe Club,Women - Unlimited,925,4:58:14,4:58:14,17894,4:58:14,0,0,17894,4:58:14,FALSE,,FALSE,62,62,59,0,1,31,31,0.7333333333333334
84,2023,18,6,Healani Canoe Club,women - masters unlimited,Women,Unlimited,Masters,Healani Canoe Club,Women - Masters UL,6,4:59:26,4:59:26,17966,4:59:26,0,0,17966,4:59:26,FALSE,,FALSE,62,62,59,0,1,8,8,0.5714285714285714
85,2023,19,30,Dana Outrigger Canoe Club,women - unlimited,Women,Unlimited,Open,Dana Outrigger Canoe Club,Women - Unlimited,30,5:00:25,5:00:25,18025,5:00:25,0,0,18025,5:00:25,FALSE,,FALSE,62,62,59,0,1,31,31,0.7
86,2023,20,399,Hanohano Outrigger Canoe Club,women - unlimited,Women,Unlimited,Open,Hanohano Outrigger Canoe Club,Women - Unlimited,399,5:02:00,5:02:00,18120,5:02:00,0,0,18120,5:02:00,FALSE,,FALSE,62,62,59,0,1,31,31,0.6666666666666667
87,2023,21,23,Dana Outrigger Canoe Club,co-ed - juniors (long),Co-Ed,Other,Juniors,Dana Outrigger Canoe Club,Co-Ed - Juniors (Long),23,5:03:45,5:03:45,18225,5:03:45,0,0,18225,5:03:45,FALSE,,FALSE,62,62,59,0,1,1,1,
88,2023,22,416,Lanakila Outrigger Canoe Club,women - masters unlimited,Women,Unlimited,Masters,Lanakila Outrigger Canoe Club,Women - Masters UL,416,5:05:37,5:05:37,18337,5:05:37,0,0,18337,5:05:37,FALSE,,FALSE,62,62,59,0,1,8,8,0.4285714285714286
89,2023,23,54,Offshore Outrigger Canoe Club,co-ed - open unlimited,Co-Ed,Unlimited,Open,Offshore Outrigger Canoe Club,Co-Ed - Open UL,54,5:10:09,5:10:09,18609,5:10:09,0,0,18609,5:10:09,FALSE,,FALSE,62,62,59,0,1,14,14,0.6153846153846154
90,2023,24,43,Kilohana Outrigger Canoe Club,women - unlimited,Women,Unlimited,Open,Kilohana Outrigger,Women - Unlimited,43,5:12:08,5:12:08,18728,5:12:08,0,0,18728,5:12:08,FALSE,,FALSE,62,62,59,0,1,31,31,0.6333333333333333
91,2023,25,22,Tahoe Waterman,women - unlimited,Women,Unlimited,Open,Tahoe Waterman,Women - Unlimited,22,5:12:36,5:12:36,18756,5:12:36,0,0,18756,5:12:36,FALSE,,FALSE,62,62,59,0,1,31,31,0.6
92,2023,26,420,Newport Aquatic Center (NAC),women - unlimited,Women,Unlimited,Open,Newport Aquatic Center (NAC),Women - Unlimited,420,5:15:24,5:15:24,18924,5:15:24,0,0,18924,5:15:24,FALSE,,FALSE,62,62,59,0,1,31,31,0.5666666666666667
93,2023,27,146,San Diego Outrigger Canoe Club,women - unlimited,Women,Unlimited,Open,San Diego Outrigger Canoe Club,Women - Unlimited,146,5:15:25,5:15:25,18925,5:15:25,0,0,18925,5:15:25,FALSE,,FALSE,62,62,59,0,1,31,31,0.5333333333333333
94,2023,28,711,Lokahi Outrigger Canoe Club,co-ed - open unlimited,Co-Ed,Unlimited,Open,Lokahi Outrigger Canoe Club,Co-Ed - Open UL,711,5:16:40,5:16:40,19000,5:16:40,0,0,19000,5:16:40,FALSE,,FALSE,62,62,59,0,1,14,14,0.5384615384615384
95,2023,29,190,Oceanside Outrigger Canoe Club,women - unlimited,Women,Unlimited,Open,Oceanside Outrigger Canoe Club,Women - Unlimited,190,5:16:59,5:16:59,19019,5:16:59,0,0,19019,5:16:59,FALSE,,FALSE,62,62,59,0,1,31,31,0.5
96,2023,30,83,Kai Opua Canoe Club,women - unlimited,Women,Unlimited,Open,Kai Opua Canoe Club,Women - Unlimited,83,5:17:29,5:17:29,19049,5:17:29,0,0,19049,5:17:29,FALSE,,FALSE,62,62,59,0,1,31,31,0.4666666666666667
97,2023,31,334,Newport Aquatic Center (NAC),co-ed - open unlimited,Co-Ed,Unlimited,Open,Newport Aquatic Center (NAC),Co-Ed - Open UL,334,5:18:28,5:18:28,19108,5:18:28,0,0,19108,5:18:28,FALSE,,FALSE,62,62,59,0,1,14,14,0.46153846153846156
98,2023,32,222,Newport Aquatic Center (NAC),co-ed - open unlimited,Co-Ed,Unlimited,Open,Newport Aquatic Center (NAC),Co-Ed - Open UL,222,5:21:07,5:21:07,19267,5:21:07,0,0,19267,5:21:07,FALSE,,FALSE,62,62,59,0,1,14,14,0.3846153846153846
99,2023,33,88,Newport Aquatic Center (NAC),women - senior masters unlimited,Women,Unlimited,Senior Masters,Newport Aquatic Center (NAC),Women - Senior Masters UL,88,5:23:32,5:23:32,19412,5:23:32,0,0,19412,5:23:32,FALSE,,FALSE,62,62,59,0,1,3,3,1
100,2023,34,90,Kai Elua Outrigger Canoe Club,women - unlimited,Women,Unlimited,Open,Kai Elua Outrigger Canoe Club,Women - Unlimited,90,5:27:24,5:27:24,19644,5:27:24,0,0,19644,5:27:24,FALSE,,FALSE,62,62,59,0,1,31,31,0.43333333333333335
101,2023,35,562,Kahakai Outrigger Canoe Club,co-ed - open unlimited,Co-Ed,Unlimited,Open,Kahakai Outrigger Canoe Club,Co-Ed - Open UL,562,5:27:32,5:27:32,19652,5:27:32,0,0,19652,5:27:32,FALSE,,FALSE,62,62,59,0,1,14,14,0.3076923076923077
102,2023,36,888,Outrigger Santa Cruz,women - unlimited,Women,Unlimited,Open,Outrigger Santa Cruz,Women - Unlimited,888,5:28:54,5:28:54,19734,5:28:54,0,0,19734,5:28:54,FALSE,,FALSE,62,62,59,0,1,31,31,0.4
103,2023,37,145,San Francisco Outrigger Canoe Club,women - golden masters unlimited,Women,Unlimited,Golden Masters,San Francisco Outrigger Canoe Club,Women - Golden Masters UL,145,5:30:59,5:30:59,19859,5:30:59,0,0,19859,5:30:59,FALSE,,FALSE,62,62,59,0,1,3,3,1
104,2023,38,414,Lanakila Outrigger Canoe Club,women - golden masters unlimited,Women,Unlimited,Golden Masters,Lanakila Outrigger Canoe Club,Women - Golden Masters UL,414,5:31:04,5:31:04,19864,5:31:04,0,0,19864,5:31:04,FALSE,,FALSE,62,62,59,0,1,3,3,0.5
105,2023,39,323,Oceanside Outrigger Canoe Club,women - unlimited,Women,Unlimited,Open,Oceanside Outrigger Canoe Club,Women - Unlimited,323,5:31:51,5:31:51,19911,5:31:51,0,0,19911,5:31:51,FALSE,,FALSE,62,62,59,0,1,31,31,0.3666666666666667
106,2023,40,410,Haleiwa Outrigger Canoe Club,women - masters unlimited,Women,Unlimited,Masters,Haleiwa Outrigger Canoe Club,Women - Masters UL,410,5:32:20,5:32:20,19940,5:32:20,0,0,19940,5:32:20,FALSE,,FALSE,62,62,59,0,1,8,8,0.2857142857142857
107,2023,41,2,Dana Outrigger Canoe Club,women - masters unlimited,Women,Unlimited,Masters,Dana Outrigger Canoe Club,Women - Masters UL,2,5:32:39,5:32:39,19959,5:32:39,0,0,19959,5:32:39,FALSE,,FALSE,62,62,59,0,1,8,8,0.1428571428571429
108,2023,42,415,Lanakila Outrigger Canoe Club,women - unlimited,Women,Unlimited,Open,Lanakila Outrigger Canoe Club,Women - Unlimited,415,5:33:10,5:33:10,19990,5:33:10,0,0,19990,5:33:10,FALSE,,FALSE,62,62,59,0,1,31,31,0.33333333333333337
109,2023,43,566,Kahakai Outrigger Canoe Club,women - golden masters unlimited,Women,Unlimited,Golden Masters,Kahakai Outrigger Canoe Club,Women - Golden Masters UL,566,5:34:31,5:34:31,20071,5:34:31,0,0,20071,5:34:31,FALSE,,FALSE,62,62,59,0,1,3,3,0
110,2023,44,178,Imua Outrigger Canoe Club,co-ed - open unlimited,Co-Ed,Unlimited,Open,Imua Outrigger Canoe Club,Co-Ed - Open UL,178,5:38:56,5:38:56,20336,5:38:56,0,0,20336,5:38:56,FALSE,,FALSE,62,62,59,0,1,14,14,0.23076923076923073
111,2023,45,150,Pale Kai Outrigger Canoe Club,women - senior masters unlimited,Women,Unlimited,Senior Masters,Pale Kai Outrigger Canoe Club,Women - Senior Masters UL,150,5:43:17,5:43:17,20597,5:43:17,0,0,20597,5:43:17,FALSE,,FALSE,62,62,59,0,1,3,3,0.5
112,2023,46,131,Marina del Rey Outrigger Canoe Club,women - unlimited,Women,Unlimited,Open,Marina del Rey Outrigger Canoe Club,Women - Unlimited,131,5:43:57,5:43:57,20637,5:43:57,0,0,20637,5:43:57,FALSE,,FALSE,62,62,59,0,1,31,31,0.30000000000000004
113,2023,47,17,Dana Outrigger Canoe Club,women - unlimited,Women,Unlimited,Open,Dana Outrigger Canoe Club,Women - Unlimited,17,5:44:27,5:44:27,20667,5:44:27,0,0,20667,5:44:27,FALSE,,FALSE,62,62,59,0,1,31,31,0.2666666666666667
114,2023,48,499,Hanohano Outrigger Canoe Club,women - senior masters unlimited,Women,Unlimited,Senior Masters,Hanohano Outrigger Canoe Club,Women - Senior Masters UL,499,5:46:18,5:46:18,20778,5:46:18,0,0,20778,5:46:18,FALSE,,FALSE,62,62,59,0,1,3,3,0
115,2023,49,138,Marina del Rey Outrigger Canoe Club,women - unlimited,Women,Unlimited,Open,Marina del Rey Outrigger Canoe Club,Women - Unlimited,138,5:50:04,5:50:04,21004,5:50:04,0,0,21004,5:50:04,FALSE,,FALSE,62,62,59,0,1,31,31,0.23333333333333328
116,2023,50,564,Kahakai Outrigger Canoe Club,co-ed - open unlimited,Co-Ed,Unlimited,Open,Kahakai Outrigger Canoe Club,Co-Ed - Open UL,564,5:50:32,5:50:32,21032,5:50:32,0,0,21032,5:50:32,FALSE,,FALSE,62,62,59,0,1,14,14,0.15384615384615385
117,2023,51,137,Marina del Rey Outrigger Canoe Club,women - unlimited,Women,Unlimited,Open,Marina del Rey Outrigger Canoe Club,Women - Unlimited,137,5:50:37,5:50:37,21037,5:50:37,0,0,21037,5:50:37,FALSE,,FALSE,62,62,59,0,1,31,31,0.19999999999999996
118,2023,52,919,Santa Barbara Outrigger Canoe Club,women - unlimited,Women,Unlimited,Open,Santa Barbara Outrigger Canoe Club,Women - Unlimited,919,5:51:00,5:51:00,21060,5:51:00,0,0,21060,5:51:00,FALSE,,TRUE,62,62,59,0,1,31,31,0.16666666666666663
119,2023,53,565,Kahakai Outrigger Canoe Club,women - masters unlimited,Women,Unlimited,Masters,Kahakai Outrigger Canoe Club,Women - Masters UL,565,5:51:46,5:51:46,21106,5:51:46,0,0,21106,5:51:46,FALSE,,FALSE,62,62,59,0,1,8,8,0
120,2023,54,80,Outrigger Santa Cruz,women - unlimited,Women,Unlimited,Open,Outrigger Santa Cruz,Women - Unlimited,80,5:54:10,5:54:10,21250,5:54:10,0,0,21250,5:54:10,FALSE,,FALSE,62,62,59,0,1,31,31,0.1333333333333333
121,2023,55,409,Lanakila Outrigger Canoe Club,women - 19 & under,Women,Other,19 & Under,Lanakila Outrigger Canoe Club,Women - 19 & Under,409,5:54:32,5:54:32,21272,5:54:32,0,0,21272,5:54:32,FALSE,,FALSE,62,62,59,0,1,2,2,1
122,2023,56,93,Kai Elua Outrigger Canoe Club,co-ed - open unlimited,Co-Ed,Unlimited,Open,Kai Elua Outrigger Canoe Club,Co-Ed - Open UL,93,5:56:00,5:56:00,21360,5:56:00,0,0,21360,5:56:00,FALSE,,FALSE,62,62,59,0,1,14,14,0.07692307692307687
123,2023,57,299,Hanohano Outrigger Canoe Club,women - unlimited,Women,Unlimited,Open,Hanohano Outrigger Canoe Club,Women - Unlimited,299,5:56:04,5:56:04,21364,5:56:04,0,0,21364,5:56:04,FALSE,,FALSE,62,62,59,0,1,31,31,0.09999999999999998
124,2023,58,11,Imua Outrigger Canoe Club,women - unlimited,Women,Unlimited,Open,Imua Outrigger Canoe Club,Women - Unlimited,11,6:01:29,6:01:29,21689,6:01:29,0,0,21689,6:01:29,FALSE,,FALSE,62,62,59,0,1,31,31,0.06666666666666665
125,2023,59,375,Team Arizona Outrigger Canoe Club,co-ed - open unlimited,Co-Ed,Unlimited,Open,Team Arizona Outrigger Canoe Club,Co-Ed - Open UL,375,6:01:40,6:01:40,21700,6:01:40,0,0,21700,6:01:40,FALSE,,FALSE,62,62,59,0,1,14,14,0
126,2023,60,191,Oceanside Outrigger Canoe Club,women - 19 & under,Women,Other,19 & Under,Oceanside Outrigger Canoe Club,Women - 19 & Under,191,6:02:32,6:02:32,21752,6:02:32,0,0,21752,6:02:32,FALSE,,FALSE,62,62,59,0,1,2,2,0
127,2023,61,411,Lanakila Outrigger Canoe Club,women - unlimited,Women,Unlimited,Open,Lanakila Outrigger Canoe Club,Women - Unlimited,411,6:02:33,6:02:33,21753,6:02:33,0,0,21753,6:02:33,FALSE,,FALSE,62,62,59,0,1,31,31,0.033333333333333326
128,2023,62,424,Kai Elua Outrigger Canoe Club,women - unlimited,Women,Unlimited,Open,Kai Elua Outrigger Canoe Club,Women - Unlimited,424,6:11:46,6:11:46,22306,6:11:46,0,0,22306,6:11:46,FALSE,,FALSE,62,62,59,0,1,31,31,0
1,2024,1,1003,Newport Outrigger Canoe Club,co-ed - open unlimited,Co-Ed,Unlimited,Open,Newport Outrigger Canoe Club,Co-Ed - Open UL,1003,4:02:45,4:02:45,14565,4:02:45,0,0,14565,4:02:45,FALSE,,FALSE,66,66,62,0,1,25,25,1
2,2024,2,4,Dana Outrigger Canoe Club,women - unlimited,Women,Unlimited,Open,Dana Outrigger Canoe Club,Women - Unlimited,4,4:15:05,4:15:05,15305,4:15:05,0,0,15305,4:15:05,FALSE,,FALSE,66,66,62,0,1,24,24,1
3,2024,3,997,Ka Lahui Kai,women - unlimited,Women,Unlimited,Open,Ka Lahui Kai,Women - Unlimited,997,4:19:51,4:19:51,15591,4:19:51,0,0,15591,4:19:51,FALSE,,FALSE,66,66,62,0,1,24,24,0.9565217391304348
4,2024,4,125,Wa'akapaemua,co-ed - open unlimited,Co-Ed,Unlimited,Open,Wa’akapaemua,Co-Ed - Open UL,125,4:21:27,4:21:27,15687,4:21:27,0,0,15687,4:21:27,FALSE,,FALSE,66,66,62,0,1,25,25,0.9583333333333334
5,2024,5,1002,Ihilani Va'a,women - unlimited,Women,Unlimited,Open,Ihilani Va'a,Women - Unlimited,1002,4:21:42,4:21:42,15702,4:21:42,0,0,15702,4:21:42,FALSE,,FALSE,66,66,62,0,1,24,24,0.9130434782608696
6,2024,6,1005,Newport Outrigger Canoe Club,co-ed - open unlimited,Co-Ed,Unlimited,Open,Newport Outrigger Canoe Club,Co-Ed - Open UL,1005,4:27:45,4:27:45,16065,4:27:45,0,0,16065,4:27:45,FALSE,,FALSE,66,66,62,0,1,25,25,0.9166666666666666
7,2024,7,145,Outrigger Santa Cruz,co-ed - open unlimited,Co-Ed,Unlimited,Open,Outrigger Santa Cruz,Co-Ed - Open UL,145,4:30:17,4:30:17,16217,4:30:17,0,0,16217,4:30:17,FALSE,,FALSE,66,66,62,0,1,25,25,0.875
8,2024,8,420,Newport Aquatic Center (NAC),co-ed - open unlimited,Co-Ed,Unlimited,Open,Newport Aquatic Center (NAC),Co-Ed - Open UL,420,4:30:20,4:30:20,16220,4:30:20,0,0,16220,4:30:20,FALSE,,FALSE,66,66,62,0,1,25,25,0.8333333333333334
9,2024,9,135,Marina del Rey Outrigger Canoe Club,women - unlimited,Women,Unlimited,Open,Marina del Rey Outrigger Canoe Club,Women - Unlimited,135,4:31:57,4:31:57,16317,4:31:57,0,0,16317,4:31:57,FALSE,,FALSE,66,66,62,0,1,24,24,0.8695652173913043
10,2024,10,83,Napili Canoe Club,co-ed - open unlimited,Co-Ed,Unlimited,Open,Napili Canoe Club,Co-Ed - Open UL,83,4:32:24,4:32:24,16344,4:32:24,0,0,16344,4:32:24,FALSE,,FALSE,66,66,62,0,1,25,25,0.7916666666666666
11,2024,11,418,Lanakila Outrigger Canoe Club,women - unlimited,Women,Unlimited,Open,Lanakila Outrigger Canoe Club,Women - Unlimited,418,4:33:24,4:33:24,16404,4:33:24,0,0,16404,4:33:24,FALSE,,FALSE,66,66,62,0,1,24,24,0.8260869565217391
12,2024,12,1004,Newport Outrigger Canoe Club,co-ed - open unlimited,Co-Ed,Unlimited,Open,Newport Outrigger Canoe Club,Co-Ed - Open UL,1004,4:35:01,4:35:01,16501,4:35:01,0,0,16501,4:35:01,FALSE,,FALSE,66,66,62,0,1,25,25,0.75
13,2024,13,35,Dana Outrigger Canoe Club,women - masters unlimited,Women,Unlimited,Masters,Dana Outrigger Canoe Club,Women - Masters UL,35,4:36:26,4:36:26,16586,4:36:26,0,0,16586,4:36:26,FALSE,,FALSE,66,66,62,0,1,8,8,1
14,2024,14,908,Kahakai Outrigger Canoe Club,women - masters unlimited,Women,Unlimited,Masters,Kahakai Outrigger Canoe Club,Women - Masters UL,908,4:37:35,4:37:35,16655,4:37:35,0,0,16655,4:37:35,FALSE,,FALSE,66,66,62,0,1,8,8,0.8571428571428572
15,2024,15,68,Healani Canoe Club,women - masters unlimited,Women,Unlimited,Masters,Healani Canoe Club,Women - Masters UL,68,4:38:19,4:38:19,16699,4:38:19,0,0,16699,4:38:19,FALSE,,FALSE,66,66,62,0,1,8,8,0.7142857142857143
16,2024,16,417,Lanakila Outrigger Canoe Club,women - masters unlimited,Women,Unlimited,Masters,Lanakila Outrigger Canoe Club,Women - Masters UL,417,4:41:56,4:41:56,16916,4:41:56,0,0,16916,4:41:56,FALSE,,FALSE,66,66,62,0,1,8,8,0.5714285714285714
17,2024,17,221,Pale Kai Outrigger Canoe Club,co-ed - open unlimited,Co-Ed,Unlimited,Open,Pale Kai Outrigger Canoe Club,Co-Ed - Open UL,221,4:42:00,4:42:00,16920,4:42:00,0,0,16920,4:42:00,FALSE,,FALSE,66,66,62,0,1,25,25,0.7083333333333333
18,2024,18,133,Washington Canoe Club,women - unlimited,Women,Unlimited,Open,Washington Canoe Club,Women - Unlimited,133,4:45:01,4:45:01,17101,4:45:01,0,0,17101,4:45:01,FALSE,,FALSE,66,66,62,0,1,24,24,0.782608695652174
19,2024,19,79,Newport Aquatic Center (NAC),co-ed - open unlimited,Co-Ed,Unlimited,Open,Newport Aquatic Center (NAC),Co-Ed - Open UL,79,4:47:41,4:47:41,17261,4:47:41,0,0,17261,4:47:41,FALSE,,FALSE,66,66,62,0,1,25,25,0.6666666666666667
20,2024,20,699,Hanohano Outrigger Canoe Club,women - unlimited,Women,Unlimited,Open,Hanohano Outrigger Canoe Club,Women - Unlimited,699,4:47:43,4:47:43,17263,4:47:43,0,0,17263,4:47:43,FALSE,,FALSE,66,66,62,0,1,24,24,0.7391304347826086
21,2024,21,54,Offshore Outrigger Canoe Club,co-ed - open unlimited,Co-Ed,Unlimited,Open,Offshore Outrigger Canoe Club,Co-Ed - Open UL,54,4:48:23,4:48:23,17303,4:48:23,0,0,17303,4:48:23,FALSE,,FALSE,66,66,62,0,1,25,25,0.625
22,2024,22,11,Imua Outrigger Canoe Club,women - unlimited,Women,Unlimited,Open,Imua Outrigger Canoe Club,Women - Unlimited,11,4:49:05,4:49:05,17345,4:49:05,0,0,17345,4:49:05,FALSE,,FALSE,66,66,62,0,1,24,24,0.6956521739130435
23,2024,23,805,Santa Barbara Outrigger Canoe Club,women - unlimited,Women,Unlimited,Open,Santa Barbara Outrigger Canoe Club,Women - Unlimited,805,4:52:21,4:52:21,17541,4:52:21,0,0,17541,4:52:21,FALSE,,TRUE,66,66,62,0,1,24,24,0.6521739130434783
24,2024,24,22,Tahoe Waterman,co-ed - open unlimited,Co-Ed,Unlimited,Open,Tahoe Waterman,Co-Ed - Open UL,22,4:52:25,4:52:25,17545,4:52:25,0,0,17545,4:52:25,FALSE,,FALSE,66,66,62,0,1,25,25,0.5833333333333333
25,2024,25,191,Oceanside Outrigger Canoe Club,co-ed - open unlimited,Co-Ed,Unlimited,Open,Oceanside Outrigger Canoe Club,Co-Ed - Open UL,191,4:52:31,4:52:31,17551,4:52:31,0,0,17551,4:52:31,FALSE,,FALSE,66,66,62,0,1,25,25,0.5416666666666667
26,2024,26,6,Kailua Canoe Club,women - golden masters unlimited,Women,Unlimited,Golden Masters,Kailua Canoe Club,Women - Golden Masters UL,6,4:53:29,4:53:29,17609,4:53:29,0,0,17609,4:53:29,FALSE,,FALSE,66,66,62,0,1,3,3,1
27,2024,27,122,Ho'okahi Pu'uwai Outrigger Canoe Club,co-ed - open unlimited,Co-Ed,Unlimited,Open,Ho’okahi Pu’uwai Outrigger Canoe Club,Co-Ed - Open UL,122,4:54:05,4:54:05,17645,4:54:05,0,0,17645,4:54:05,FALSE,,FALSE,66,66,62,0,1,25,25,0.5
28,2024,28,925,O Kalani Outrigger Canoe Club,women - masters unlimited,Women,Unlimited,Masters,O Kalani Outrigger Canoe Club,Women - Masters UL,925,4:54:41,4:54:41,17681,4:54:41,0,0,17681,4:54:41,FALSE,,FALSE,66,66,62,0,1,8,8,0.4285714285714286
29,2024,29,335,Newport Aquatic Center (NAC),co-ed - open unlimited,Co-Ed,Unlimited,Open,Newport Aquatic Center (NAC),Co-Ed - Open UL,335,4:55:35,4:55:35,17735,4:55:35,0,0,17735,4:55:35,FALSE,,FALSE,66,66,62,0,1,25,25,0.45833333333333337
30,2024,30,63,Oceanside Outrigger Canoe Club,women - unlimited,Women,Unlimited,Open,Oceanside Outrigger Canoe Club,Women - Unlimited,63,4:56:09,4:56:09,17769,4:56:09,0,0,17769,4:56:09,FALSE,,FALSE,66,66,62,0,1,24,24,0.6086956521739131
31,2024,31,499,Hanohano Outrigger Canoe Club,co-ed - open unlimited,Co-Ed,Unlimited,Open,Hanohano Outrigger Canoe Club,Co-Ed - Open UL,499,4:57:09,4:57:09,17829,4:57:09,0,0,17829,4:57:09,FALSE,,FALSE,66,66,62,0,1,25,25,0.41666666666666663
32,2024,32,45X,Ka Lahui Kai,women - 19 & under,Women,Other,19 & Under,Ka Lahui Kai,Women - 19 & Under,45X,4:57:11,4:57:11,17831,4:57:11,0,0,17831,4:57:11,FALSE,,FALSE,66,66,62,0,1,2,2,1
33,2024,33,93,Mississauga Canoe Club,women - unlimited,Women,Unlimited,Open,Mississauga Canoe Club,Women - Unlimited,93,4:57:18,4:57:18,17838,4:57:18,0,0,17838,4:57:18,FALSE,,FALSE,66,66,62,0,1,24,24,0.5652173913043479
34,2024,34,30,Dana Outrigger Canoe Club,women - unlimited,Women,Unlimited,Open,Dana Outrigger Canoe Club,Women - Unlimited,30,4:59:15,4:59:15,17955,4:59:15,0,0,17955,4:59:15,FALSE,,FALSE,66,66,62,0,1,24,24,0.5217391304347826
35,2024,35,416,Lanakila Outrigger Canoe Club,women - unlimited,Women,Unlimited,Open,Lanakila Outrigger Canoe Club,Women - Unlimited,416,4:59:40,4:59:40,17980,4:59:40,0,0,17980,4:59:40,FALSE,,FALSE,66,66,62,0,1,24,24,0.4782608695652174
36,2024,36,567,Kahakai Outrigger Canoe Club,co-ed - open unlimited,Co-Ed,Unlimited,Open,Kahakai Outrigger Canoe Club,Co-Ed - Open UL,567,4:59:52,4:59:52,17992,4:59:52,0,0,17992,4:59:52,FALSE,,FALSE,66,66,62,0,1,25,25,0.375
37,2024,37,21,Rikkole Cree Canoe Club,co-ed - open unlimited,Co-Ed,Unlimited,Open,Rikkole Cree Canoe Club,Co-Ed - Open UL,21,4:59:57,4:59:57,17997,4:59:57,0,0,17997,4:59:57,FALSE,,FALSE,66,66,62,0,1,25,25,0.33333333333333337
38,2024,38,131,Marina del Rey Outrigger Canoe Club,women - unlimited,Women,Unlimited,Open,Marina del Rey Outrigger Canoe Club,Women - Unlimited,131,5:00:36,5:00:36,18036,5:00:36,0,0,18036,5:00:36,FALSE,,FALSE,66,66,62,0,1,24,24,0.4347826086956522
39,2024,39,138,Marina del Rey Outrigger Canoe Club,co-ed - open unlimited,Co-Ed,Unlimited,Open,Marina del Rey Outrigger Canoe Club,Co-Ed - Open UL,138,5:01:55,5:01:55,18115,5:01:55,0,0,18115,5:01:55,FALSE,,FALSE,66,66,62,0,1,25,25,0.29166666666666663
40,2024,40,334,Team Good Vibes,women - masters unlimited,Women,Unlimited,Masters,Team Good Vibes,Women - Masters UL,334,5:02:10,5:02:10,18130,5:02:10,0,0,18130,5:02:10,FALSE,,FALSE,66,66,62,0,1,8,8,0.2857142857142857
41,2024,41,23,Lanakila Outrigger Canoe Club,co-ed - open unlimited,Co-Ed,Unlimited,Open,Lanakila Outrigger Canoe Club,Co-Ed - Open UL,23,5:05:18,5:05:18,18318,5:05:18,0,0,18318,5:05:18,FALSE,,FALSE,66,66,62,0,1,25,25,0.25
42,2024,42,510,Newport Aquatic Center (NAC),co-ed - open unlimited,Co-Ed,Unlimited,Open,Newport Aquatic Center (NAC),Co-Ed - Open UL,510,5:08:21,5:08:21,18501,5:08:21,0,0,18501,5:08:21,FALSE,,FALSE,66,66,62,0,1,25,25,0.20833333333333337
43,2024,43,2,Dana Outrigger Canoe Club,women - golden masters unlimited,Women,Unlimited,Golden Masters,Dana Outrigger Canoe Club,Women - Golden Masters UL,2,5:08:52,5:08:52,18532,5:08:52,0,0,18532,5:08:52,FALSE,,FALSE,66,66,62,0,1,3,3,0.5
44,2024,44,5326,He'e Nalu,women - unlimited,Women,Unlimited,Open,He' e Nalu,Women - Unlimited,5326,5:10:28,5:10:28,18628,5:10:28,0,0,18628,5:10:28,FALSE,,FALSE,66,66,62,0,1,24,24,0.3913043478260869
45,2024,45,108,Santa Barbara Outrigger Canoe Club,women - unlimited,Women,Unlimited,Open,Santa Barbara Outrigger Canoe Club,Women - Unlimited,108,5:11:31,5:11:31,18691,5:11:31,0,0,18691,5:11:31,FALSE,,TRUE,66,66,62,0,1,24,24,0.34782608695652173
46,2024,46,415,Lanakila Outrigger Canoe Club,women - senior masters unlimited,Women,Unlimited,Senior Masters,Lanakila Outrigger Canoe Club,Women - Senior Masters UL,415,5:12:07,5:12:07,18727,5:12:07,0,0,18727,5:12:07,FALSE,,FALSE,66,66,62,0,1,2,2,1
47,2024,47,88,Outrigger Canoe Club,women - 19 & under,Women,Other,19 & Under,Outrigger Canoe Club,Women - 19 & Under,88,5:12:16,5:12:16,18736,5:12:16,0,0,18736,5:12:16,FALSE,,FALSE,66,66,62,0,1,2,2,0
48,2024,48,424,Kai Elua Outrigger Canoe Club,women - masters unlimited,Women,Unlimited,Masters,Kai Elua Outrigger Canoe Club,Women - Masters UL,424,5:14:35,5:14:35,18875,5:14:35,0,0,18875,5:14:35,FALSE,,FALSE,66,66,62,0,1,8,8,0.1428571428571429
49,2024,49,320,Oceanside Outrigger Canoe Club,co-ed - juniors (long),Co-Ed,Other,Juniors,Oceanside Outrigger Canoe Club,Co-Ed - Juniors (Long),320,5:15:17,5:15:17,18917,5:15:17,0,0,18917,5:15:17,FALSE,,FALSE,66,66,62,0,1,2,2,1
50,2024,50,111,Haleiwa Outrigger Canoe Club,women - masters unlimited,Women,Unlimited,Masters,Haleiwa Outrigger Canoe Club,Women - Masters UL,111,5:15:31,5:15:31,18931,5:15:31,0,0,18931,5:15:31,FALSE,,FALSE,66,66,62,0,1,8,8,0
51,2024,51,38,Hokuloa Outrigger Canoe Club,co-ed - open unlimited,Co-Ed,Unlimited,Open,Hokuloa Outrigger Canoe Club,Co-Ed - Open UL,38,5:16:48,5:16:48,19008,5:16:48,0,0,19008,5:16:48,FALSE,,FALSE,66,66,62,0,1,25,25,0.16666666666666663
52,2024,52,411,Hanohano Outrigger Canoe Club,co-ed - open unlimited,Co-Ed,Unlimited,Open,Hanohano Outrigger Canoe Club,Co-Ed - Open UL,411,5:17:34,5:17:34,19054,5:17:34,0,0,19054,5:17:34,FALSE,,FALSE,66,66,62,0,1,25,25,0.125
53,2024,53,146,San Diego Outrigger Canoe Club,women - unlimited,Women,Unlimited,Open,San Diego Outrigger Canoe Club,Women - Unlimited,146,5:18:27,5:18:27,19107,5:18:27,0,0,19107,5:18:27,FALSE,,FALSE,66,66,62,0,1,24,24,0.30434782608695654
54,2024,54,1006,Wailea Canoe Club,women - unlimited,Women,Unlimited,Open,Wailea Canoe Club,Women - Unlimited,1006,5:18:54,5:18:54,19134,5:18:54,0,0,19134,5:18:54,FALSE,,FALSE,66,66,62,0,1,24,24,0.26086956521739135
55,2024,55,412,Lanakila Outrigger Canoe Club,co-ed - juniors (long),Co-Ed,Other,Juniors,Lanakila Outrigger Canoe Club,Co-Ed - Juniors (Long),412,5:21:05,5:21:05,19265,5:21:05,0,0,19265,5:21:05,FALSE,,FALSE,66,66,62,0,1,2,2,0
56,2024,56,564,Kahakai Outrigger Canoe Club,co-ed - open unlimited,Co-Ed,Unlimited,Open,Kahakai Outrigger Canoe Club,Co-Ed - Open UL,564,5:24:11,5:24:11,19451,5:24:11,0,0,19451,5:24:11,FALSE,,FALSE,66,66,62,0,1,25,25,0.08333333333333337
57,2024,57,565,Kahakai Outrigger Canoe Club,co-ed - open unlimited,Co-Ed,Unlimited,Open,Kahakai Outrigger Canoe Club,Co-Ed - Open UL,565,5:24:32,5:24:32,19472,5:24:32,0,0,19472,5:24:32,FALSE,,FALSE,66,66,62,0,1,25,25,0.04166666666666663
58,2024,58,399,Hanohano Outrigger Canoe Club,women - senior masters unlimited,Women,Unlimited,Senior Masters,Hanohano Outrigger Canoe Club,Women - Senior Masters UL,399,5:27:34,5:27:34,19654,5:27:34,0,0,19654,5:27:34,FALSE,,FALSE,66,66,62,0,1,2,2,0
59,2024,59,566,Kahakai Outrigger Canoe Club,women - golden masters unlimited,Women,Unlimited,Golden Masters,Kahakai Outrigger Canoe Club,Women - Golden Masters UL,566,5:31:27,5:31:27,19887,5:31:27,0,0,19887,5:31:27,FALSE,,FALSE,66,66,62,0,1,3,3,0
60,2024,60,90,Kai Elua Outrigger Canoe Club,women - unlimited,Women,Unlimited,Open,Kai Elua Outrigger Canoe Club,Women - Unlimited,90,5:33:31,5:33:31,20011,5:33:31,0,0,20011,5:33:31,FALSE,,FALSE,66,66,62,0,1,24,24,0.21739130434782605
61,2024,61,375,Outrigger Santa Cruz,women - unlimited,Women,Unlimited,Open,Outrigger Santa Cruz,Women - Unlimited,375,5:33:38,5:33:38,20018,5:33:38,0,0,20018,5:33:38,FALSE,,FALSE,66,66,62,0,1,24,24,0.17391304347826086
62,2024,62,1,Dana Outrigger Canoe Club,women - unlimited,Women,Unlimited,Open,Dana Outrigger Canoe Club,Women - Unlimited,1,5:34:51,5:34:51,20091,5:34:51,0,0,20091,5:34:51,FALSE,,FALSE,66,66,62,0,1,24,24,0.13043478260869568
63,2024,63,190,Oceanside Outrigger Canoe Club,women - unlimited,Women,Unlimited,Open,Oceanside Outrigger Canoe Club,Women - Unlimited,190,5:34:57,5:34:57,20097,5:34:57,0,0,20097,5:34:57,FALSE,,FALSE,66,66,62,0,1,24,24,0.08695652173913049
64,2024,64,414,Lanakila Outrigger Canoe Club,women - unlimited,Women,Unlimited,Open,Lanakila Outrigger Canoe Club,Women - Unlimited,414,5:35:36,5:35:36,20136,5:35:36,0,0,20136,5:35:36,FALSE,,FALSE,66,66,62,0,1,24,24,0.04347826086956519
65,2024,65,888,Imua Outrigger Canoe Club,co-ed - open unlimited,Co-Ed,Unlimited,Open,Imua Outrigger Canoe Club,Co-Ed - Open UL,888,5:39:35,5:39:35,20375,5:39:35,0,0,20375,5:39:35,FALSE,,FALSE,66,66,62,0,1,25,25,0
66,2024,66,137,Marina del Rey Outrigger Canoe Club,women - unlimited,Women,Unlimited,Open,Marina del Rey Outrigger Canoe Club,Women - Unlimited,137,5:40:17,5:40:17,20417,5:40:17,0,0,20417,5:40:17,FALSE,,FALSE,66,66,62,0,1,24,24,0
212,2025,1,747,Newport Outrigger Canoe Club,co-ed - open unlimited,Co-Ed,Unlimited,Open,Newport Outrigger Canoe Club,Co-Ed - Open UL,747,3:50:06,3:50:06,13806,3:50:06,0,0,13806,3:50:06,FALSE,,FALSE,71,71,68,0,1,26,26,1
213,2025,2,1111,Kilohana Outrigger Canoe Club,co-ed - open unlimited,Co-Ed,Unlimited,Open,Kilohana Outrigger,Co-Ed - Open UL,1111,3:51:16,3:51:16,13876,3:51:16,0,0,13876,3:51:16,FALSE,,FALSE,71,71,68,0,1,26,26,0.96
214,2025,3,X,Kai'Ehitu Sr Va'a,co-ed - open unlimited,Co-Ed,Unlimited,Open,Kai'Ehitu Sr Va'a,Co-Ed - Open UL,X,3:52:46,3:52:46,13966,3:52:46,0,0,13966,3:52:46,FALSE,,FALSE,71,71,68,0,1,26,26,0.92
215,2025,4,5,Dana Outrigger Canoe Club,women - unlimited,Women,Unlimited,Open,Dana Outrigger Canoe Club,Women - Unlimited,5,3:53:53,3:53:53,14033,3:53:53,0,0,14033,3:53:53,FALSE,,FALSE,71,71,68,0,1,26,26,1
216,2025,5,130,Lae'Ula O Kai,co-ed - open unlimited,Co-Ed,Unlimited,Open,Lae’Ula O Kai,Co-Ed - Open UL,130,4:00:16,4:00:16,14416,4:00:16,0,0,14416,4:00:16,FALSE,,FALSE,71,71,68,0,1,26,26,0.88
217,2025,6,35,Dana Outrigger Canoe Club,women - unlimited,Women,Unlimited,Open,Dana Outrigger Canoe Club,Women - Unlimited,35,4:02:40,4:02:40,14560,4:02:40,0,0,14560,4:02:40,FALSE,,FALSE,71,71,68,0,1,26,26,0.96
218,2025,7,128,Marina del Rey Outrigger Canoe Club,women - unlimited,Women,Unlimited,Open,Marina del Rey Outrigger Canoe Club,Women - Unlimited,128,4:04:54,4:04:54,14694,4:04:54,0,0,14694,4:04:54,FALSE,,FALSE,71,71,68,0,1,26,26,0.92
219,2025,8,54,Offshore Outrigger Canoe Club,co-ed - open unlimited,Co-Ed,Unlimited,Open,Offshore Outrigger Canoe Club,Co-Ed - Open UL,54,4:05:50,4:05:50,14750,4:05:50,0,0,14750,4:05:50,FALSE,,FALSE,71,71,68,0,1,26,26,0.84
220,2025,9,6,Healani Canoe Club,women - masters unlimited,Women,Unlimited,Masters,Healani Canoe Club,Women - Masters UL,6,4:06:04,4:06:04,14764,4:06:04,0,0,14764,4:06:04,FALSE,,FALSE,71,71,68,0,1,8,8,1
221,2025,10,418,Lanakila Outrigger Canoe Club,women - unlimited,Women,Unlimited,Open,Lanakila Outrigger Canoe Club,Women - Unlimited,418,4:06:09,4:06:09,14769,4:06:09,0,0,14769,4:06:09,FALSE,,FALSE,71,71,68,0,1,26,26,0.88
222,2025,11,206,Washington Canoe Club,co-ed - open unlimited,Co-Ed,Unlimited,Open,Washington Canoe Club,Co-Ed - Open UL,206,4:06:30,4:06:30,14790,4:06:30,0,0,14790,4:06:30,FALSE,,FALSE,71,71,68,0,1,26,26,0.8
223,2025,12,111,Kahakai Outrigger Canoe Club,co-ed - open unlimited,Co-Ed,Unlimited,Open,Kahakai Outrigger Canoe Club,Co-Ed - Open UL,111,4:07:19,4:07:19,14839,4:07:19,0,0,14839,4:07:19,FALSE,,FALSE,71,71,68,0,1,26,26,0.76
224,2025,13,908,Kahakai Outrigger Canoe Club,women - masters unlimited,Women,Unlimited,Masters,Kahakai Outrigger Canoe Club,Women - Masters UL,908,4:10:44,4:10:44,15044,4:10:44,0,0,15044,4:10:44,FALSE,,FALSE,71,71,68,0,1,8,8,0.8571428571428572
225,2025,14,805,Santa Barbara Outrigger Canoe Club,women - unlimited,Women,Unlimited,Open,Santa Barbara Outrigger Canoe Club,Women - Unlimited,805,4:10:47,4:10:47,15047,4:10:47,0,0,15047,4:10:47,FALSE,,TRUE,71,71,68,0,1,26,26,0.84
226,2025,15,409,Kai Opua Canoe Club,women - unlimited,Women,Unlimited,Open,Kai Opua Canoe Club,Women - Unlimited,409,4:12:04,4:12:04,15124,4:12:04,0,0,15124,4:12:04,FALSE,,FALSE,71,71,68,0,1,26,26,0.8
227,2025,16,190,Oceanside Outrigger Canoe Club,women - masters unlimited,Women,Unlimited,Masters,Oceanside Outrigger Canoe Club,Women - Masters UL,190,4:12:47,4:12:47,15167,4:12:47,0,0,15167,4:12:47,FALSE,,FALSE,71,71,68,0,1,8,8,0.7142857142857143
228,2025,17,100,San Francisco Outrigger Canoe Club,co-ed - open unlimited,Co-Ed,Unlimited,Open,San Francisco Outrigger Canoe Club,Co-Ed - Open UL,100,4:14:11,4:14:11,15251,4:14:11,0,0,15251,4:14:11,FALSE,,FALSE,71,71,68,0,1,26,26,0.72
229,2025,18,799,Hanohano Outrigger Canoe Club,co-ed - open unlimited,Co-Ed,Unlimited,Open,Hanohano Outrigger Canoe Club,Co-Ed - Open UL,799,4:15:05,4:15:05,15305,4:15:05,0,0,15305,4:15:05,FALSE,,FALSE,71,71,68,0,1,26,26,0.6799999999999999
230,2025,19,417,Lanakila Outrigger Canoe Club,women - masters unlimited,Women,Unlimited,Masters,Lanakila Outrigger Canoe Club,Women - Masters UL,417,4:16:57,4:16:57,15417,4:16:57,0,0,15417,4:16:57,FALSE,,FALSE,71,71,68,0,1,8,8,0.5714285714285714
231,2025,20,93,Mississauga Canoe Club,women - unlimited,Women,Unlimited,Open,Mississauga Canoe Club,Women - Unlimited,93,4:18:14,4:18:14,15494,4:18:14,0,0,15494,4:18:14,FALSE,,FALSE,71,71,68,0,1,26,26,0.76
232,2025,21,22,Tahoe Waterman,co-ed - open unlimited,Co-Ed,Unlimited,Open,Tahoe Waterman,Co-Ed - Open UL,22,4:19:27,4:19:27,15567,4:19:27,0,0,15567,4:19:27,FALSE,,FALSE,71,71,68,0,1,26,26,0.64
233,2025,22,699,Hanohano Outrigger Canoe Club,women - unlimited,Women,Unlimited,Open,Hanohano Outrigger Canoe Club,Women - Unlimited,699,4:19:52,4:19:52,15592,4:19:52,0,0,15592,4:19:52,FALSE,,FALSE,71,71,68,0,1,26,26,0.72
234,2025,23,91,Keoua Honaunau Canoe Club,women - masters unlimited,Women,Unlimited,Masters,Keoua Honaunau Canoe Club,Women - Masters UL,91,4:22:30,4:22:30,15750,4:22:30,0,0,15750,4:22:30,FALSE,,FALSE,71,71,68,0,1,8,8,0.4285714285714286
235,2025,24,63,Oceanside Outrigger Canoe Club,co-ed - open unlimited,Co-Ed,Unlimited,Open,Oceanside Outrigger Canoe Club,Co-Ed - Open UL,63,4:25:07,4:25:07,15907,4:25:07,0,0,15907,4:25:07,FALSE,,FALSE,71,71,68,0,1,26,26,0.6
236,2025,25,79,Newport Aquatic Center (NAC),co-ed - open unlimited,Co-Ed,Unlimited,Open,Newport Aquatic Center (NAC),Co-Ed - Open UL,79,4:25:24,4:25:24,15924,4:25:24,0,0,15924,4:25:24,FALSE,,FALSE,71,71,68,0,1,26,26,0.56
237,2025,26,420,Newport Aquatic Center (NAC),women - unlimited,Women,Unlimited,Open,Newport Aquatic Center (NAC),Women - Unlimited,420,4:25:31,4:25:31,15931,4:25:31,0,0,15931,4:25:31,FALSE,,FALSE,71,71,68,0,1,26,26,0.6799999999999999
238,2025,27,108,Santa Barbara Outrigger Canoe Club,women - unlimited,Women,Unlimited,Open,Santa Barbara Outrigger Canoe Club,Women - Unlimited,108,4:27:28,4:27:28,16048,4:27:28,0,0,16048,4:27:28,FALSE,,TRUE,71,71,68,0,1,26,26,0.64
239,2025,28,4,Dana Outrigger Canoe Club,women - senior masters unlimited,Women,Unlimited,Senior Masters,Dana Outrigger Canoe Club,Women - Senior Masters UL,4,4:30:05,4:30:05,16205,4:30:05,0,0,16205,4:30:05,FALSE,,FALSE,71,71,68,0,1,7,7,1
240,2025,29,143,Kai Opua Canoe Club,women - masters unlimited,Women,Unlimited,Masters,Kai Opua Canoe Club,Women - Masters UL,143,4:31:51,4:31:51,16311,4:31:51,0,0,16311,4:31:51,FALSE,,FALSE,71,71,68,0,1,8,8,0.2857142857142857
241,2025,30,11,Imua Outrigger Canoe Club,co-ed - open unlimited,Co-Ed,Unlimited,Open,Imua Outrigger Canoe Club,Co-Ed - Open UL,11,4:32:30,4:32:30,16350,4:32:30,0,0,16350,4:32:30,FALSE,,FALSE,71,71,68,0,1,26,26,0.52
242,2025,31,419,Lanakila Outrigger Canoe Club,co-ed - open unlimited,Co-Ed,Unlimited,Open,Lanakila Outrigger Canoe Club,Co-Ed - Open UL,419,4:32:52,4:32:52,16372,4:32:52,0,0,16372,4:32:52,FALSE,,FALSE,71,71,68,0,1,26,26,0.48
243,2025,32,416,Lanakila Outrigger Canoe Club,women - unlimited,Women,Unlimited,Open,Lanakila Outrigger Canoe Club,Women - Unlimited,416,4:32:54,4:32:54,16374,4:32:54,0,0,16374,4:32:54,FALSE,,FALSE,71,71,68,0,1,26,26,0.6
244,2025,33,925,Kai Opua Canoe Club,women - 19 & under,Women,Other,19 & Under,Kai Opua Canoe Club,Women - 19 & Under,925,4:34:04,4:34:04,16444,4:34:04,0,0,16444,4:34:04,FALSE,,FALSE,71,71,68,0,1,2,2,1
245,2025,34,191,Oceanside Outrigger Canoe Club,women - unlimited,Women,Unlimited,Open,Oceanside Outrigger Canoe Club,Women - Unlimited,191,4:35:38,4:35:38,16538,4:35:38,0,0,16538,4:35:38,FALSE,,FALSE,71,71,68,0,1,26,26,0.56
246,2025,35,566,Kahakai Outrigger Canoe Club,co-ed - open unlimited,Co-Ed,Unlimited,Open,Kahakai Outrigger Canoe Club,Co-Ed - Open UL,566,4:35:39,4:35:39,16539,4:35:39,0,0,16539,4:35:39,FALSE,,FALSE,71,71,68,0,1,26,26,0.43999999999999995
247,2025,36,131,Marina del Rey Outrigger Canoe Club,women - unlimited,Women,Unlimited,Open,Marina del Rey Outrigger Canoe Club,Women - Unlimited,131,4:36:42,4:36:42,16602,4:36:42,0,0,16602,4:36:42,FALSE,,FALSE,71,71,68,0,1,26,26,0.52
248,2025,37,7,Hui Wa'a O Wakinikona,co-ed - open unlimited,Co-Ed,Unlimited,Open,Hui Wa’a O Wakinikona,Co-Ed - Open UL,7,4:37:33,4:37:33,16653,4:37:33,0,0,16653,4:37:33,FALSE,,FALSE,71,71,68,0,1,26,26,0.4
249,2025,38,178,Seattle Outrigger Canoe Club,women - unlimited,Women,Unlimited,Open,Seattle Outrigger Canoe Club,Women - Unlimited,178,4:38:11,4:38:11,16691,4:38:11,0,0,16691,4:38:11,FALSE,,FALSE,71,71,68,0,1,26,26,0.48
250,2025,39,399,Hanohano Outrigger Canoe Club,women - senior masters unlimited,Women,Unlimited,Senior Masters,Hanohano Outrigger Canoe Club,Women - Senior Masters UL,399,4:40:13,4:40:13,16813,4:40:13,0,0,16813,4:40:13,FALSE,,FALSE,71,71,68,0,1,7,7,0.8333333333333334
251,2025,40,38,Hokuloa Outrigger Canoe Club,women - masters unlimited,Women,Unlimited,Masters,Hokuloa Outrigger Canoe Club,Women - Masters UL,38,4:41:10,4:41:10,16870,4:41:10,0,0,16870,4:41:10,FALSE,,FALSE,71,71,68,0,1,8,8,0.1428571428571429
252,2025,41,412,Lanakila Outrigger Canoe Club,co-ed - open unlimited,Co-Ed,Unlimited,Open,Lanakila Outrigger Canoe Club,Co-Ed - Open UL,412,4:41:33,4:41:33,16893,4:41:33,0,0,16893,4:41:33,FALSE,,FALSE,71,71,68,0,1,26,26,0.36
253,2025,42,5326,Hui Wa'a Outrigger Canoe Club,women - golden masters unlimited,Women,Unlimited,Golden Masters,Hui Wa’a Outrigger Canoe Club,Women - Golden Masters UL,5326,4:41:42,4:41:42,16902,4:41:42,0,0,16902,4:41:42,FALSE,,FALSE,71,71,68,0,1,1,1,
254,2025,43,320,Oceanside Outrigger Canoe Club,co-ed - juniors (long),Co-Ed,Other,Juniors,Oceanside Outrigger Canoe Club,Co-Ed - Juniors (Long),320,4:42:13,4:42:13,16933,4:42:13,0,0,16933,4:42:13,FALSE,,FALSE,71,71,68,0,1,1,1,
255,2025,44,83,Hokuloa Outrigger Canoe Club,co-ed - open unlimited,Co-Ed,Unlimited,Open,Hokuloa Outrigger Canoe Club,Co-Ed - Open UL,83,4:42:43,4:42:43,16963,4:42:43,0,0,16963,4:42:43,FALSE,,FALSE,71,71,68,0,1,26,26,0.31999999999999995
256,2025,45,414,Lanakila Outrigger Canoe Club,women - unlimited,Women,Unlimited,Open,Lanakila Outrigger Canoe Club,Women - Unlimited,414,4:43:15,4:43:15,16995,4:43:15,0,0,16995,4:43:15,FALSE,,FALSE,71,71,68,0,1,26,26,0.43999999999999995
257,2025,46,997,Outrigger Santa Cruz,co-ed - open unlimited,Co-Ed,Unlimited,Open,Outrigger Santa Cruz,Co-Ed - Open UL,997,4:43:28,4:43:28,17008,4:43:28,0,0,17008,4:43:28,FALSE,,FALSE,71,71,68,0,1,26,26,0.28
258,2025,47,415,Lanakila Outrigger Canoe Club,women - senior masters unlimited,Women,Unlimited,Senior Masters,Lanakila Outrigger Canoe Club,Women - Senior Masters UL,415,4:43:38,4:43:38,17018,4:43:38,0,0,17018,4:43:38,FALSE,,FALSE,71,71,68,0,1,7,7,0.6666666666666667
259,2025,48,88,Newport Aquatic Center (NAC),co-ed - open unlimited,Co-Ed,Unlimited,Open,Newport Aquatic Center (NAC),Co-Ed - Open UL,88,4:43:57,4:43:57,17037,4:43:57,0,0,17037,4:43:57,FALSE,,FALSE,71,71,68,0,1,26,26,0.24
260,2025,49,499,Hanohano Outrigger Canoe Club,women - unlimited,Women,Unlimited,Open,Hanohano Outrigger Canoe Club,Women - Unlimited,499,4:44:45,4:44:45,17085,4:44:45,0,0,17085,4:44:45,FALSE,,FALSE,71,71,68,0,1,26,26,0.4
261,2025,50,424,Kai Elua Outrigger Canoe Club,women - unlimited,Women,Unlimited,Open,Kai Elua Outrigger Canoe Club,Women - Unlimited,424,4:46:52,4:46:52,17212,4:46:52,0,0,17212,4:46:52,FALSE,,FALSE,71,71,68,0,1,26,26,0.36
262,2025,51,375,Kent Island Outrigger Canoe Club,co-ed - open unlimited,Co-Ed,Unlimited,Open,Kent Island Outrigger Canoe Club,Co-Ed - Open UL,375,4:47:10,4:47:10,17230,4:47:10,0,0,17230,4:47:10,FALSE,,FALSE,71,71,68,0,1,26,26,0.19999999999999996
263,2025,52,146,San Diego Outrigger Canoe Club,women - unlimited,Women,Unlimited,Open,San Diego Outrigger Canoe Club,Women - Unlimited,146,4:47:41,4:47:41,17261,4:47:41,0,0,17261,4:47:41,FALSE,,FALSE,71,71,68,0,1,26,26,0.31999999999999995
264,2025,53,1,Dana Outrigger Canoe Club,women - unlimited,Women,Unlimited,Open,Dana Outrigger Canoe Club,Women - Unlimited,1,4:47:42,4:47:42,17262,4:47:42,0,0,17262,4:47:42,FALSE,,FALSE,71,71,68,0,1,26,26,0.28
265,2025,54,921,Rikkole Cree Canoe Club,women - unlimited,Women,Unlimited,Open,Rikkole Cree Canoe Club,Women - Unlimited,921,4:49:12,4:49:12,17352,4:49:12,0,0,17352,4:49:12,FALSE,,FALSE,71,71,68,0,1,26,26,0.24
266,2025,55,43,Florida Paddling Hui,women - masters unlimited,Women,Unlimited,Masters,Florida Paddling Hui,Women - Masters UL,43,4:49:30,4:49:30,17370,4:49:30,0,0,17370,4:49:30,FALSE,,FALSE,71,71,68,0,1,8,8,0
267,2025,56,510,Newport Aquatic Center (NAC),co-ed - open unlimited,Co-Ed,Unlimited,Open,Newport Aquatic Center (NAC),Co-Ed - Open UL,510,4:53:47,4:53:47,17627,4:53:47,0,0,17627,4:53:47,FALSE,,FALSE,71,71,68,0,1,26,26,0.16000000000000003
268,2025,57,335,Makapo Outrigger Canoe Club,co-ed - open unlimited,Co-Ed,Unlimited,Open,Makapo Outrigger Canoe Club,Co-Ed - Open UL,335,4:54:23,4:54:23,17663,4:54:23,0,0,17663,4:54:23,FALSE,,FALSE,71,71,68,0,1,26,26,0.12
269,2025,58,411,San Francisco Outrigger Canoe Club,women - senior masters unlimited,Women,Unlimited,Senior Masters,San Francisco Outrigger Canoe Club,Women - Senior Masters UL,411,4:54:28,4:54:28,17668,4:54:28,0,0,17668,4:54:28,FALSE,,FALSE,71,71,68,0,1,7,7,0.5
270,2025,59,135,Marina del Rey Outrigger Canoe Club,women - unlimited,Women,Unlimited,Open,Marina del Rey Outrigger Canoe Club,Women - Unlimited,135,4:55:29,4:55:29,17729,4:55:29,0,0,17729,4:55:29,FALSE,,FALSE,71,71,68,0,1,26,26,0.19999999999999996
271,2025,60,334,Team Huaka'i,women - senior masters unlimited,Women,Unlimited,Senior Masters,Team Huaka’i,Women - Senior Masters UL,334,4:56:10,4:56:10,17770,4:56:10,0,0,17770,4:56:10,FALSE,,FALSE,71,71,68,0,1,7,7,0.33333333333333337
272,2025,61,145,San Diego Outrigger Canoe Club,co-ed - open unlimited,Co-Ed,Unlimited,Open,San Diego Outrigger Canoe Club,Co-Ed - Open UL,145,4:56:17,4:56:17,17777,4:56:17,0,0,17777,4:56:17,FALSE,,FALSE,71,71,68,0,1,26,26,0.07999999999999996
273,2025,62,562,Outrigger Santa Cruz,women - senior masters unlimited,Women,Unlimited,Senior Masters,Outrigger Santa Cruz,Women - Senior Masters UL,562,4:57:34,4:57:34,17854,4:57:34,0,0,17854,4:57:34,FALSE,,FALSE,71,71,68,0,1,7,7,0.16666666666666663
274,2025,63,563,Kahakai Outrigger Canoe Club,co-ed - open unlimited,Co-Ed,Unlimited,Open,Kahakai Outrigger Canoe Club,Co-Ed - Open UL,563,4:59:43,4:59:43,17983,4:59:43,0,0,17983,4:59:43,FALSE,,FALSE,71,71,68,0,1,26,26,0.040000000000000036
275,2025,64,410,Lanakila Outrigger Canoe Club,women - 19 & under,Women,Other,19 & Under,Lanakila Outrigger Canoe Club,Women - 19 & Under,410,5:02:08,5:02:08,18128,5:02:08,0,0,18128,5:02:08,FALSE,,FALSE,71,71,68,0,1,2,2,0
276,2025,65,564,Kahakai Outrigger Canoe Club,co-ed - open unlimited,Co-Ed,Unlimited,Open,Kahakai Outrigger Canoe Club,Co-Ed - Open UL,564,5:02:11,5:02:11,18131,5:02:11,0,0,18131,5:02:11,FALSE,,FALSE,71,71,68,0,1,26,26,0
277,2025,66,567,Kahakai Outrigger Canoe Club,women - senior masters unlimited,Women,Unlimited,Senior Masters,Kahakai Outrigger Canoe Club,Women - Senior Masters UL,567,5:02:14,5:02:14,18134,5:02:14,0,0,18134,5:02:14,FALSE,,FALSE,71,71,68,0,1,7,7,0
278,2025,67,30,Dana Outrigger Canoe Club,women - unlimited,Women,Unlimited,Open,Dana Outrigger Canoe Club,Women - Unlimited,30,5:05:07,5:05:07,18307,5:05:07,0,0,18307,5:05:07,FALSE,,FALSE,71,71,68,0,1,26,26,0.16000000000000003
279,2025,68,565,Kahakai Outrigger Canoe Club,women - unlimited,Women,Unlimited,Open,Kahakai Outrigger Canoe Club,Women - Unlimited,565,5:06:44,5:06:44,18404,5:06:44,0,0,18404,5:06:44,FALSE,,FALSE,71,71,68,0,1,26,26,0.12
280,2025,69,299,Hanohano Outrigger Canoe Club,women - unlimited,Women,Unlimited,Open,Hanohano Outrigger Canoe Club,Women - Unlimited,299,5:07:50,5:07:50,18470,5:07:50,0,0,18470,5:07:50,FALSE,,FALSE,71,71,68,0,1,26,26,0.07999999999999996
281,2025,70,90,Kai Elua Outrigger Canoe Club,women - unlimited,Women,Unlimited,Open,Kai Elua Outrigger Canoe Club,Women - Unlimited,90,5:12:43,5:12:43,18763,5:12:43,0,0,18763,5:12:43,FALSE,,FALSE,71,71,68,0,1,26,26,0.040000000000000036
282,2025,71,68,Wrightsville Beach Outrigger Canoe Club,women - unlimited,Women,Unlimited,Open,Wrightsville Beach Outrigger Canoe Club,Women - Unlimited,68,5:18:58,5:18:58,19138,5:18:58,0,0,19138,5:18:58,FALSE,,FALSE,71,71,68,0,1,26,26,0
